clip	duration[ms]
common_voice_ko_36314602.mp3	3276
common_voice_ko_35905905.mp3	4680
common_voice_ko_38203459.mp3	2808
common_voice_ko_38203222.mp3	7416
common_voice_ko_36314605.mp3	6336
common_voice_ko_35923122.mp3	5940
common_voice_ko_38203438.mp3	3708
common_voice_ko_37450871.mp3	2340
common_voice_ko_35844525.mp3	8280
common_voice_ko_35846368.mp3	4896
common_voice_ko_35844531.mp3	10224
common_voice_ko_36985085.mp3	7380
common_voice_ko_36984599.mp3	10224
common_voice_ko_38203617.mp3	9036
common_voice_ko_36899333.mp3	8496
common_voice_ko_36838392.mp3	4968
common_voice_ko_36800758.mp3	7308
common_voice_ko_35905264.mp3	3168
common_voice_ko_37247555.mp3	7020
common_voice_ko_36549584.mp3	4176
common_voice_ko_36314694.mp3	2556
common_voice_ko_35972931.mp3	4716
common_voice_ko_36890701.mp3	5724
common_voice_ko_36984515.mp3	8496
common_voice_ko_35891357.mp3	2700
common_voice_ko_35846680.mp3	3240
common_voice_ko_36890703.mp3	2880
common_voice_ko_36890292.mp3	5976
common_voice_ko_36524807.mp3	5148
common_voice_ko_35844289.mp3	9288
common_voice_ko_36524779.mp3	8496
common_voice_ko_38203551.mp3	4428
common_voice_ko_37211924.mp3	4356
common_voice_ko_36524999.mp3	6624
common_voice_ko_36880198.mp3	3996
common_voice_ko_35846366.mp3	3780
common_voice_ko_36412915.mp3	8316
common_voice_ko_36880046.mp3	7488
common_voice_ko_35905906.mp3	6840
common_voice_ko_35972152.mp3	2844
common_voice_ko_36549618.mp3	3960
common_voice_ko_36545265.mp3	4068
common_voice_ko_37597013.mp3	4248
common_voice_ko_36549548.mp3	7056
common_voice_ko_35923215.mp3	4392
common_voice_ko_35847676.mp3	7308
common_voice_ko_36899365.mp3	6300
common_voice_ko_38203481.mp3	3960
common_voice_ko_35844231.mp3	4320
common_voice_ko_36880236.mp3	5580
common_voice_ko_36545193.mp3	4968
common_voice_ko_36802505.mp3	5508
common_voice_ko_36314702.mp3	2448
common_voice_ko_37451136.mp3	8316
common_voice_ko_37195153.mp3	7992
common_voice_ko_35884400.mp3	4032
common_voice_ko_37195149.mp3	7704
common_voice_ko_35891312.mp3	7416
common_voice_ko_38085863.mp3	6480
common_voice_ko_35969072.mp3	8784
common_voice_ko_36880226.mp3	4248
common_voice_ko_36890364.mp3	6876
common_voice_ko_35904924.mp3	6840
common_voice_ko_38383628.mp3	6660
common_voice_ko_36880385.mp3	5868
common_voice_ko_35972245.mp3	5976
common_voice_ko_36802456.mp3	3276
common_voice_ko_38383613.mp3	9576
common_voice_ko_35847680.mp3	9216
common_voice_ko_37253550.mp3	3888
common_voice_ko_36655272.mp3	2736
common_voice_ko_36314578.mp3	2700
common_voice_ko_37211927.mp3	5508
common_voice_ko_35970486.mp3	8784
common_voice_ko_37604562.mp3	5256
common_voice_ko_37018709.mp3	3708
common_voice_ko_35891313.mp3	6372
common_voice_ko_36880402.mp3	7488
common_voice_ko_35891244.mp3	2808
common_voice_ko_35846212.mp3	4680
common_voice_ko_36800759.mp3	4536
common_voice_ko_35923236.mp3	3780
common_voice_ko_36524951.mp3	3924
common_voice_ko_38203246.mp3	5220
common_voice_ko_36314657.mp3	2916
common_voice_ko_35892128.mp3	9540
common_voice_ko_37212036.mp3	3708
common_voice_ko_35969718.mp3	8388
common_voice_ko_36524920.mp3	10044
common_voice_ko_36890300.mp3	9180
common_voice_ko_38203362.mp3	5148
common_voice_ko_37195200.mp3	7020
common_voice_ko_36438704.mp3	5148
common_voice_ko_36525149.mp3	3780
common_voice_ko_35892025.mp3	10260
common_voice_ko_35890729.mp3	9468
common_voice_ko_36880421.mp3	4248
common_voice_ko_37977383.mp3	5616
common_voice_ko_36524809.mp3	5652
common_voice_ko_35846616.mp3	4356
common_voice_ko_36880301.mp3	5976
common_voice_ko_38383609.mp3	7236
common_voice_ko_38203337.mp3	4428
common_voice_ko_36890313.mp3	7308
common_voice_ko_35970827.mp3	10008
common_voice_ko_37195202.mp3	8244
common_voice_ko_35971463.mp3	10224
common_voice_ko_36455826.mp3	5148
common_voice_ko_35905371.mp3	3960
common_voice_ko_35969213.mp3	9612
common_voice_ko_36314523.mp3	2340
common_voice_ko_36880078.mp3	4716
common_voice_ko_37195194.mp3	8136
common_voice_ko_36524891.mp3	5364
common_voice_ko_35970494.mp3	8028
common_voice_ko_36525316.mp3	5184
common_voice_ko_36880090.mp3	5436
common_voice_ko_36524979.mp3	6912
common_voice_ko_36314513.mp3	6300
common_voice_ko_36838391.mp3	7128
common_voice_ko_35847345.mp3	5436
common_voice_ko_36984575.mp3	3492
common_voice_ko_36524917.mp3	6336
common_voice_ko_36880073.mp3	6120
common_voice_ko_36525120.mp3	7164
common_voice_ko_35846423.mp3	4248
common_voice_ko_38203618.mp3	5148
common_voice_ko_35971976.mp3	4212
common_voice_ko_35866060.mp3	3636
common_voice_ko_35848523.mp3	6228
common_voice_ko_35922967.mp3	3960
common_voice_ko_35972195.mp3	9684
common_voice_ko_36314511.mp3	2700
common_voice_ko_36655273.mp3	8856
common_voice_ko_36984603.mp3	10080
common_voice_ko_35891712.mp3	8784
common_voice_ko_37451177.mp3	3816
common_voice_ko_36802507.mp3	2916
common_voice_ko_36899371.mp3	8208
common_voice_ko_35905424.mp3	3780
common_voice_ko_36524853.mp3	5184
common_voice_ko_36549549.mp3	2988
common_voice_ko_36524940.mp3	4716
common_voice_ko_36880390.mp3	4140
common_voice_ko_36984973.mp3	5868
common_voice_ko_36984493.mp3	8568
common_voice_ko_36880187.mp3	5076
common_voice_ko_36880330.mp3	7740
common_voice_ko_35850748.mp3	5796
common_voice_ko_36880204.mp3	4248
common_voice_ko_35847344.mp3	6516
common_voice_ko_35891645.mp3	9252
common_voice_ko_36525150.mp3	8460
common_voice_ko_35844523.mp3	7920
common_voice_ko_37159840.mp3	5508
common_voice_ko_35866058.mp3	5400
common_voice_ko_36984986.mp3	9972
common_voice_ko_36984561.mp3	6588
common_voice_ko_37604565.mp3	4968
common_voice_ko_36549646.mp3	4356
common_voice_ko_35969830.mp3	10224
common_voice_ko_37247554.mp3	4680
common_voice_ko_36545240.mp3	3708
common_voice_ko_36880114.mp3	3816
common_voice_ko_37195150.mp3	7452
common_voice_ko_36802424.mp3	4788
common_voice_ko_37211926.mp3	6120
common_voice_ko_36545272.mp3	5292
common_voice_ko_35891446.mp3	7560
common_voice_ko_35972149.mp3	5796
common_voice_ko_36880358.mp3	4788
common_voice_ko_36396944.mp3	5760
common_voice_ko_36985023.mp3	8892
common_voice_ko_36545273.mp3	7164
common_voice_ko_35970252.mp3	9072
common_voice_ko_37439344.mp3	3672
common_voice_ko_35890926.mp3	9036
common_voice_ko_36880303.mp3	6120
common_voice_ko_36880104.mp3	5400
common_voice_ko_35846367.mp3	3528
common_voice_ko_36474941.mp3	7380
common_voice_ko_36802422.mp3	4680
common_voice_ko_36524854.mp3	5292
common_voice_ko_37159837.mp3	3888
common_voice_ko_35904865.mp3	5868
common_voice_ko_35846193.mp3	4176
common_voice_ko_37625776.mp3	6336
common_voice_ko_35852238.mp3	6300
common_voice_ko_36525313.mp3	3672
common_voice_ko_36525263.mp3	3564
common_voice_ko_36549580.mp3	6120
common_voice_ko_35845683.mp3	3780
common_voice_ko_36880208.mp3	4968
common_voice_ko_38203264.mp3	7056
common_voice_ko_35846031.mp3	3096
common_voice_ko_37212022.mp3	3168
common_voice_ko_36802437.mp3	6228
common_voice_ko_36838381.mp3	4248
common_voice_ko_35904928.mp3	3816
common_voice_ko_35891447.mp3	10548
common_voice_ko_35969712.mp3	7632
common_voice_ko_36314576.mp3	5508
common_voice_ko_35845739.mp3	10548
common_voice_ko_36549614.mp3	3780
common_voice_ko_35848520.mp3	6408
common_voice_ko_38203460.mp3	5148
common_voice_ko_36985032.mp3	4104
common_voice_ko_36524844.mp3	5400
common_voice_ko_35890945.mp3	5472
common_voice_ko_36438715.mp3	7380
common_voice_ko_35969447.mp3	8100
common_voice_ko_35971397.mp3	4428
common_voice_ko_36525200.mp3	7920
common_voice_ko_35923142.mp3	3060
common_voice_ko_36545213.mp3	5364
common_voice_ko_37195191.mp3	6048
common_voice_ko_36984945.mp3	7272
common_voice_ko_37195222.mp3	8424
common_voice_ko_36545211.mp3	6840
common_voice_ko_37211999.mp3	5040
common_voice_ko_36545226.mp3	4752
common_voice_ko_35970305.mp3	7164
common_voice_ko_38203248.mp3	6408
common_voice_ko_35890735.mp3	9972
common_voice_ko_35845840.mp3	6300
common_voice_ko_36524778.mp3	7452
common_voice_ko_36899354.mp3	8208
common_voice_ko_35971984.mp3	6048
common_voice_ko_36985153.mp3	4824
common_voice_ko_36880222.mp3	5220
common_voice_ko_35845417.mp3	6588
common_voice_ko_36802451.mp3	3996
common_voice_ko_36880300.mp3	5436
common_voice_ko_36545203.mp3	5364
common_voice_ko_36880312.mp3	3600
common_voice_ko_35890970.mp3	10080
common_voice_ko_37553556.mp3	5220
common_voice_ko_35971403.mp3	5580
common_voice_ko_37211988.mp3	3996
common_voice_ko_36545237.mp3	6732
common_voice_ko_35923234.mp3	4716
common_voice_ko_35972100.mp3	4716
common_voice_ko_36474940.mp3	7776
common_voice_ko_36984573.mp3	9864
common_voice_ko_36524929.mp3	6084
common_voice_ko_36899454.mp3	7560
common_voice_ko_38203265.mp3	5220
common_voice_ko_35844400.mp3	6156
common_voice_ko_35923217.mp3	3276
common_voice_ko_35891029.mp3	8676
common_voice_ko_36416348.mp3	5868
common_voice_ko_36838393.mp3	4968
common_voice_ko_35850842.mp3	6300
common_voice_ko_35850368.mp3	8208
common_voice_ko_36835723.mp3	5400
common_voice_ko_37212035.mp3	4176
common_voice_ko_36890380.mp3	6696
common_voice_ko_36899345.mp3	9864
common_voice_ko_36880357.mp3	5328
common_voice_ko_35844570.mp3	9360
common_voice_ko_36984600.mp3	3600
common_voice_ko_37439345.mp3	3708
common_voice_ko_36524980.mp3	9360
common_voice_ko_37211919.mp3	5868
common_voice_ko_35965276.mp3	7776
common_voice_ko_35904863.mp3	5616
common_voice_ko_36890363.mp3	9396
common_voice_ko_36314678.mp3	3096
common_voice_ko_35890731.mp3	9612
common_voice_ko_35969235.mp3	2916
common_voice_ko_35969313.mp3	6192
common_voice_ko_37339103.mp3	2556
common_voice_ko_35845210.mp3	4824
common_voice_ko_36838373.mp3	4680
common_voice_ko_36880388.mp3	5760
common_voice_ko_35892130.mp3	7488
common_voice_ko_35972032.mp3	6660
common_voice_ko_37211931.mp3	4356
common_voice_ko_35847833.mp3	5616
common_voice_ko_36899489.mp3	10152
common_voice_ko_37211917.mp3	3420
common_voice_ko_36880399.mp3	3240
common_voice_ko_35970878.mp3	8640
common_voice_ko_35969161.mp3	10548
common_voice_ko_35971342.mp3	7056
common_voice_ko_37211945.mp3	6300
common_voice_ko_35972877.mp3	7272
common_voice_ko_38203577.mp3	4068
common_voice_ko_35846334.mp3	4968
common_voice_ko_36899463.mp3	3960
common_voice_ko_35969919.mp3	9324
common_voice_ko_37805960.mp3	4500
common_voice_ko_36880131.mp3	6408
common_voice_ko_35890848.mp3	8208
common_voice_ko_35905431.mp3	3816
common_voice_ko_37378952.mp3	7848
common_voice_ko_36802457.mp3	3168
common_voice_ko_37253548.mp3	7560
common_voice_ko_38383636.mp3	5040
common_voice_ko_36880305.mp3	7308
common_voice_ko_36433057.mp3	8028
common_voice_ko_37253549.mp3	5760
common_voice_ko_35891647.mp3	7668
common_voice_ko_35971993.mp3	7884
common_voice_ko_36880367.mp3	5796
common_voice_ko_35905261.mp3	5220
common_voice_ko_36984964.mp3	7740
common_voice_ko_35890808.mp3	8064
common_voice_ko_35890878.mp3	9360
common_voice_ko_36838371.mp3	4320
common_voice_ko_36525264.mp3	5436
common_voice_ko_35970427.mp3	8280
common_voice_ko_35969049.mp3	8892
common_voice_ko_38203312.mp3	8100
common_voice_ko_36985073.mp3	3816
common_voice_ko_35848400.mp3	6696
common_voice_ko_36899472.mp3	5796
common_voice_ko_36880416.mp3	5400
common_voice_ko_37211934.mp3	6156
common_voice_ko_36525119.mp3	6696
common_voice_ko_36549594.mp3	3888
common_voice_ko_37211958.mp3	7308
common_voice_ko_35884367.mp3	5652
common_voice_ko_36880235.mp3	4896
common_voice_ko_36455828.mp3	8208
common_voice_ko_36314480.mp3	2628
common_voice_ko_36984817.mp3	9180
common_voice_ko_35971340.mp3	8640
common_voice_ko_35850838.mp3	5688
common_voice_ko_36899443.mp3	10260
common_voice_ko_36549630.mp3	5616
common_voice_ko_36880404.mp3	5796
common_voice_ko_35890884.mp3	7776
common_voice_ko_35971464.mp3	10368
common_voice_ko_36880219.mp3	5940
common_voice_ko_36880086.mp3	5580
common_voice_ko_36880127.mp3	3348
common_voice_ko_36474944.mp3	9000
common_voice_ko_36438713.mp3	4536
common_voice_ko_36899445.mp3	6984
common_voice_ko_36832969.mp3	6336
common_voice_ko_36545229.mp3	5220
common_voice_ko_35923254.mp3	4104
common_voice_ko_35844068.mp3	10188
common_voice_ko_36890285.mp3	5220
common_voice_ko_37211970.mp3	3996
common_voice_ko_36524889.mp3	3960
common_voice_ko_35846271.mp3	3168
common_voice_ko_37450870.mp3	2160
common_voice_ko_36802416.mp3	3996
common_voice_ko_37597039.mp3	5580
common_voice_ko_35969183.mp3	9504
common_voice_ko_35970830.mp3	8460
common_voice_ko_36525309.mp3	6768
common_voice_ko_36314652.mp3	2808
common_voice_ko_36880087.mp3	4716
common_voice_ko_35892122.mp3	5904
common_voice_ko_35965293.mp3	6948
common_voice_ko_37211973.mp3	5868
common_voice_ko_36890381.mp3	3600
common_voice_ko_36545228.mp3	4572
common_voice_ko_35852207.mp3	3456
common_voice_ko_36506457.mp3	5652
common_voice_ko_35848521.mp3	6048
common_voice_ko_36880425.mp3	4428
common_voice_ko_36525289.mp3	4392
common_voice_ko_36880229.mp3	5508
common_voice_ko_36549625.mp3	4356
common_voice_ko_35846688.mp3	4788
common_voice_ko_35905376.mp3	6840
common_voice_ko_36314588.mp3	2628
common_voice_ko_35890943.mp3	8100
common_voice_ko_37553557.mp3	7668
common_voice_ko_36899431.mp3	8640
common_voice_ko_37159845.mp3	4968
common_voice_ko_36802488.mp3	4356
common_voice_ko_35844568.mp3	6408
common_voice_ko_35848519.mp3	7056
common_voice_ko_38203483.mp3	3600
common_voice_ko_35846035.mp3	4680
common_voice_ko_35890972.mp3	4716
common_voice_ko_35847346.mp3	8820
common_voice_ko_35969658.mp3	7092
common_voice_ko_35848356.mp3	10044
common_voice_ko_35846326.mp3	2268
common_voice_ko_35970248.mp3	8028
common_voice_ko_35890974.mp3	3168
common_voice_ko_36438716.mp3	6120
common_voice_ko_35846620.mp3	7308
common_voice_ko_36880136.mp3	2880
common_voice_ko_35923258.mp3	2952
common_voice_ko_35891178.mp3	8568
common_voice_ko_36314675.mp3	2808
common_voice_ko_36880324.mp3	3528
common_voice_ko_38203363.mp3	4788
common_voice_ko_35890733.mp3	9936
common_voice_ko_36838400.mp3	3636
common_voice_ko_36880400.mp3	7020
common_voice_ko_38203616.mp3	3528
common_voice_ko_35969821.mp3	10260
common_voice_ko_35970918.mp3	10260
common_voice_ko_37185321.mp3	8208
common_voice_ko_36899461.mp3	4068
common_voice_ko_37195171.mp3	4212
common_voice_ko_36590132.mp3	5148
common_voice_ko_36890284.mp3	4968
common_voice_ko_36525290.mp3	5364
common_voice_ko_36899338.mp3	10476
common_voice_ko_36394271.mp3	6696
common_voice_ko_36899340.mp3	5292
common_voice_ko_36838388.mp3	4680
common_voice_ko_35890734.mp3	7200
common_voice_ko_38383638.mp3	3888
common_voice_ko_35844230.mp3	10296
common_voice_ko_35845682.mp3	2700
common_voice_ko_36899488.mp3	3456
common_voice_ko_35969237.mp3	3780
common_voice_ko_37195198.mp3	3744
common_voice_ko_36890269.mp3	7704
common_voice_ko_35972194.mp3	4176
common_voice_ko_35969818.mp3	10332
common_voice_ko_36984610.mp3	8640
common_voice_ko_35846397.mp3	4176
common_voice_ko_35850780.mp3	4968
common_voice_ko_37195201.mp3	4716
common_voice_ko_37211991.mp3	6120
common_voice_ko_36549592.mp3	8028
common_voice_ko_36838379.mp3	5616
common_voice_ko_35972199.mp3	10512
common_voice_ko_36552127.mp3	4320
common_voice_ko_35850877.mp3	3780
common_voice_ko_36890267.mp3	6228
common_voice_ko_35890882.mp3	8784
common_voice_ko_37179242.mp3	5148
common_voice_ko_38203218.mp3	8316
common_voice_ko_35890773.mp3	4824
common_voice_ko_37638445.mp3	10368
common_voice_ko_36838364.mp3	3636
common_voice_ko_36832967.mp3	5148
common_voice_ko_35848085.mp3	7200
common_voice_ko_35892031.mp3	7344
common_voice_ko_36832966.mp3	4968
common_voice_ko_35850786.mp3	4860
common_voice_ko_37638444.mp3	6408
common_voice_ko_36314677.mp3	3240
common_voice_ko_36899448.mp3	6012
common_voice_ko_36899335.mp3	4104
common_voice_ko_36985071.mp3	8568
common_voice_ko_37597065.mp3	2700
common_voice_ko_36984539.mp3	6696
common_voice_ko_35969920.mp3	8028
common_voice_ko_36880410.mp3	8640
common_voice_ko_36314512.mp3	4788
common_voice_ko_36549631.mp3	6408
common_voice_ko_35972060.mp3	9360
common_voice_ko_36880140.mp3	8460
common_voice_ko_36880076.mp3	7668
common_voice_ko_35970431.mp3	4032
common_voice_ko_37211932.mp3	7416
common_voice_ko_35969104.mp3	5040
common_voice_ko_37439339.mp3	7812
common_voice_ko_37211950.mp3	2808
common_voice_ko_35890699.mp3	8712
common_voice_ko_37195163.mp3	5040
common_voice_ko_36880175.mp3	4968
common_voice_ko_36838376.mp3	5940
common_voice_ko_36890541.mp3	5256
common_voice_ko_36314656.mp3	3600
common_voice_ko_35850520.mp3	6120
common_voice_ko_36899353.mp3	10260
common_voice_ko_36314701.mp3	3096
common_voice_ko_35887287.mp3	3276
common_voice_ko_38257691.mp3	5328
common_voice_ko_37211920.mp3	4500
common_voice_ko_36899374.mp3	8676
common_voice_ko_36800760.mp3	3636
common_voice_ko_36455842.mp3	4716
common_voice_ko_37532460.mp3	3240
common_voice_ko_36800752.mp3	7596
common_voice_ko_38203316.mp3	4788
common_voice_ko_37195190.mp3	6516
common_voice_ko_35846189.mp3	4500
common_voice_ko_36890315.mp3	4968
common_voice_ko_36549604.mp3	4536
common_voice_ko_36899476.mp3	6588
common_voice_ko_38203463.mp3	5436
common_voice_ko_37159833.mp3	5220
common_voice_ko_36314559.mp3	8460
common_voice_ko_36545225.mp3	4212
common_voice_ko_37247267.mp3	7236
common_voice_ko_36985149.mp3	4644
common_voice_ko_37805959.mp3	6120
common_voice_ko_37195157.mp3	3744
common_voice_ko_38203566.mp3	7488
common_voice_ko_37211941.mp3	3060
common_voice_ko_36314668.mp3	1980
common_voice_ko_36984577.mp3	7668
common_voice_ko_36880230.mp3	3456
common_voice_ko_36314632.mp3	1476
common_voice_ko_35969404.mp3	10008
common_voice_ko_35972979.mp3	8676
common_voice_ko_36899359.mp3	7128
common_voice_ko_36314586.mp3	4536
common_voice_ko_35890736.mp3	7884
common_voice_ko_36832965.mp3	7380
common_voice_ko_35848034.mp3	8028
common_voice_ko_36985216.mp3	9828
common_voice_ko_36549550.mp3	8388
common_voice_ko_35852127.mp3	4896
common_voice_ko_36984631.mp3	6084
common_voice_ko_36890611.mp3	2268
common_voice_ko_35844028.mp3	7884
common_voice_ko_36314574.mp3	5796
common_voice_ko_35969445.mp3	6516
common_voice_ko_36899427.mp3	9180
common_voice_ko_35969444.mp3	8280
common_voice_ko_36880192.mp3	4608
common_voice_ko_36880413.mp3	5040
common_voice_ko_35970301.mp3	9576
common_voice_ko_35972029.mp3	3132
common_voice_ko_36524870.mp3	6696
common_voice_ko_35845598.mp3	6840
common_voice_ko_36880055.mp3	6840
common_voice_ko_36880066.mp3	6336
common_voice_ko_37212012.mp3	5220
common_voice_ko_36890702.mp3	5004
common_voice_ko_35904861.mp3	6948
common_voice_ko_37253551.mp3	4068
common_voice_ko_36899455.mp3	6660
common_voice_ko_36880250.mp3	6120
common_voice_ko_36314687.mp3	3888
common_voice_ko_35971278.mp3	9504
common_voice_ko_36880200.mp3	5400
common_voice_ko_37439340.mp3	4824
common_voice_ko_36984601.mp3	8172
common_voice_ko_36984518.mp3	9936
common_voice_ko_37195146.mp3	3996
common_voice_ko_37195220.mp3	8460
common_voice_ko_35890975.mp3	10152
common_voice_ko_36899355.mp3	10188
common_voice_ko_36880282.mp3	3996
common_voice_ko_36478086.mp3	1656
common_voice_ko_35923235.mp3	4104
common_voice_ko_35972930.mp3	5616
common_voice_ko_35846643.mp3	5328
common_voice_ko_36838395.mp3	3348
common_voice_ko_36800711.mp3	6120
common_voice_ko_35846330.mp3	5760
common_voice_ko_36545191.mp3	3384
common_voice_ko_36985033.mp3	5256
common_voice_ko_35891560.mp3	8280
common_voice_ko_36305781.mp3	9108
common_voice_ko_37378951.mp3	6948
common_voice_ko_35846191.mp3	4140
common_voice_ko_35969010.mp3	10116
common_voice_ko_36838370.mp3	6048
common_voice_ko_35891392.mp3	8100
common_voice_ko_36525134.mp3	5004
common_voice_ko_36802478.mp3	3456
common_voice_ko_35972977.mp3	7056
common_voice_ko_36880372.mp3	4068
common_voice_ko_36880276.mp3	2988
common_voice_ko_38257689.mp3	3888
common_voice_ko_37211971.mp3	5148
common_voice_ko_36800712.mp3	6696
common_voice_ko_35970763.mp3	8676
common_voice_ko_37159801.mp3	8280
common_voice_ko_37439342.mp3	6408
common_voice_ko_36545231.mp3	5688
common_voice_ko_37159835.mp3	6516
common_voice_ko_36545246.mp3	6084
common_voice_ko_35969405.mp3	9756
common_voice_ko_36880343.mp3	3996
common_voice_ko_35847348.mp3	9828
common_voice_ko_36549539.mp3	8208
common_voice_ko_35922935.mp3	5940
common_voice_ko_35846036.mp3	7200
common_voice_ko_35969073.mp3	8532
common_voice_ko_36314569.mp3	6768
common_voice_ko_36545238.mp3	3672
common_voice_ko_35923255.mp3	4428
common_voice_ko_35970917.mp3	10008
common_voice_ko_36524936.mp3	3492
common_voice_ko_36549583.mp3	3960
common_voice_ko_36549612.mp3	3888
common_voice_ko_37444314.mp3	7200
common_voice_ko_36880423.mp3	6768
common_voice_ko_38203325.mp3	3960
common_voice_ko_35970880.mp3	9288
common_voice_ko_36899473.mp3	10008
common_voice_ko_35970009.mp3	7452
common_voice_ko_36838369.mp3	4320
common_voice_ko_35891646.mp3	6696
common_voice_ko_35848268.mp3	10260
common_voice_ko_36880309.mp3	5616
common_voice_ko_35891859.mp3	10008
common_voice_ko_35891182.mp3	10368
common_voice_ko_36525265.mp3	4896
common_voice_ko_37195206.mp3	8820
common_voice_ko_35971975.mp3	5544
common_voice_ko_35905470.mp3	7056
common_voice_ko_36880239.mp3	4608
common_voice_ko_38203482.mp3	6660
common_voice_ko_35846512.mp3	3600
common_voice_ko_36880220.mp3	4788
common_voice_ko_35848033.mp3	7380
common_voice_ko_35890804.mp3	9180
common_voice_ko_35972099.mp3	5256
common_voice_ko_35850466.mp3	5400
common_voice_ko_35890636.mp3	8820
common_voice_ko_35922805.mp3	7812
common_voice_ko_35848221.mp3	10404
common_voice_ko_36590124.mp3	4500
common_voice_ko_36314604.mp3	6948
common_voice_ko_36525131.mp3	4968
common_voice_ko_37008624.mp3	4896
common_voice_ko_37211987.mp3	4140
common_voice_ko_36985069.mp3	10080
common_voice_ko_35890701.mp3	10008
common_voice_ko_36899493.mp3	9144
common_voice_ko_37195158.mp3	6228
common_voice_ko_35891433.mp3	8568
common_voice_ko_36545219.mp3	5652
common_voice_ko_36880342.mp3	4248
common_voice_ko_36899341.mp3	8388
common_voice_ko_36394268.mp3	6840
common_voice_ko_35850879.mp3	4860
common_voice_ko_35845746.mp3	9540
common_voice_ko_35845215.mp3	8028
common_voice_ko_35846214.mp3	3600
common_voice_ko_38203230.mp3	3708
common_voice_ko_36802480.mp3	2916
common_voice_ko_35852205.mp3	5868
common_voice_ko_35890608.mp3	7560
common_voice_ko_36899451.mp3	10044
common_voice_ko_36314622.mp3	2088
common_voice_ko_36880141.mp3	4608
common_voice_ko_36985215.mp3	9360
common_voice_ko_35844527.mp3	9468
common_voice_ko_37597068.mp3	4428
common_voice_ko_35846647.mp3	3816
common_voice_ko_35972155.mp3	4716
common_voice_ko_36880159.mp3	6120
common_voice_ko_37159815.mp3	7740
common_voice_ko_35890669.mp3	9864
common_voice_ko_36899373.mp3	7632
common_voice_ko_35971339.mp3	6480
common_voice_ko_36305789.mp3	7236
common_voice_ko_36524263.mp3	9828
common_voice_ko_36525166.mp3	6048
common_voice_ko_37159819.mp3	6588
common_voice_ko_35891559.mp3	3528
common_voice_ko_35891183.mp3	10332
common_voice_ko_36525118.mp3	5472
common_voice_ko_35971322.mp3	5688
common_voice_ko_36880149.mp3	7056
common_voice_ko_36880299.mp3	3276
common_voice_ko_35892029.mp3	8244
common_voice_ko_36524997.mp3	5436
common_voice_ko_35844069.mp3	5256
common_voice_ko_35844024.mp3	10260
common_voice_ko_36396943.mp3	6156
common_voice_ko_36880160.mp3	6120
common_voice_ko_36899342.mp3	7524
common_voice_ko_36899484.mp3	9000
common_voice_ko_35965271.mp3	6516
common_voice_ko_36880071.mp3	5148
common_voice_ko_35890728.mp3	9684
common_voice_ko_37239003.mp3	4356
common_voice_ko_36545242.mp3	5616
common_voice_ko_36890297.mp3	6660
common_voice_ko_38203272.mp3	4140
common_voice_ko_37195218.mp3	5904
common_voice_ko_37179245.mp3	4320
common_voice_ko_35848552.mp3	5616
common_voice_ko_35969446.mp3	7056
common_voice_ko_36800709.mp3	6120
common_voice_ko_36880088.mp3	3528
common_voice_ko_35972981.mp3	6912
common_voice_ko_36455825.mp3	6516
common_voice_ko_36890769.mp3	4968
common_voice_ko_36545268.mp3	4500
common_voice_ko_37211949.mp3	2448
common_voice_ko_35970916.mp3	8280
common_voice_ko_36474948.mp3	6948
common_voice_ko_36549593.mp3	5616
common_voice_ko_36899436.mp3	6444
common_voice_ko_36545209.mp3	5724
common_voice_ko_35890635.mp3	6732
common_voice_ko_36899452.mp3	4356
common_voice_ko_35892027.mp3	10440
common_voice_ko_36890299.mp3	5976
common_voice_ko_38203526.mp3	3708
common_voice_ko_35905300.mp3	5148
common_voice_ko_38203271.mp3	4896
common_voice_ko_35846269.mp3	3816
common_voice_ko_35972201.mp3	2844
common_voice_ko_36525312.mp3	4464
common_voice_ko_35890925.mp3	7452
common_voice_ko_36899479.mp3	6228
common_voice_ko_35845806.mp3	5148
common_voice_ko_35845801.mp3	4248
common_voice_ko_35846677.mp3	5256
common_voice_ko_36802435.mp3	2916
common_voice_ko_36525151.mp3	5220
common_voice_ko_35965291.mp3	5400
common_voice_ko_35969239.mp3	9324
common_voice_ko_36314520.mp3	2268
common_voice_ko_35922875.mp3	3852
common_voice_ko_35848037.mp3	7920
common_voice_ko_35972103.mp3	5076
common_voice_ko_36880273.mp3	4068
common_voice_ko_36985126.mp3	10008
common_voice_ko_37159831.mp3	7200
common_voice_ko_36899469.mp3	5472
common_voice_ko_35850782.mp3	4536
common_voice_ko_37212034.mp3	4068
common_voice_ko_36838385.mp3	4140
common_voice_ko_35971399.mp3	8496
common_voice_ko_35844475.mp3	3312
common_voice_ko_35972929.mp3	3636
common_voice_ko_36524787.mp3	4428
common_voice_ko_35973062.mp3	5796
common_voice_ko_36899428.mp3	9792
common_voice_ko_35969103.mp3	10008
common_voice_ko_37159804.mp3	5580
common_voice_ko_37597040.mp3	4248
common_voice_ko_36800761.mp3	4536
common_voice_ko_38085866.mp3	3888
common_voice_ko_36880065.mp3	4860
common_voice_ko_36880341.mp3	3456
common_voice_ko_36524937.mp3	7272
common_voice_ko_37159836.mp3	5040
common_voice_ko_36549607.mp3	5616
common_voice_ko_35844164.mp3	7020
common_voice_ko_35969163.mp3	9864
common_voice_ko_35971950.mp3	6228
common_voice_ko_37212000.mp3	4536
common_voice_ko_36525146.mp3	2484
common_voice_ko_38203324.mp3	5436
common_voice_ko_35923172.mp3	4356
common_voice_ko_35844571.mp3	7524
common_voice_ko_37977386.mp3	3096
common_voice_ko_36880426.mp3	6408
common_voice_ko_36985142.mp3	8928
common_voice_ko_36525266.mp3	4608
common_voice_ko_37212019.mp3	4248
common_voice_ko_36880326.mp3	7236
common_voice_ko_38203479.mp3	4176
common_voice_ko_36314639.mp3	1836
common_voice_ko_36314589.mp3	4140
common_voice_ko_36880102.mp3	6948
common_voice_ko_36899482.mp3	10368
common_voice_ko_35892267.mp3	8352
common_voice_ko_35850623.mp3	5148
common_voice_ko_37212023.mp3	4140
common_voice_ko_35846462.mp3	3708
common_voice_ko_36314575.mp3	3096
common_voice_ko_36800766.mp3	7920
common_voice_ko_36899349.mp3	8964
common_voice_ko_35969616.mp3	5508
common_voice_ko_37212021.mp3	6120
common_voice_ko_36524884.mp3	7884
common_voice_ko_38203232.mp3	3240
common_voice_ko_35846098.mp3	4356
common_voice_ko_36838380.mp3	2700
common_voice_ko_35848148.mp3	6984
common_voice_ko_36838394.mp3	2808
common_voice_ko_36880405.mp3	6408
common_voice_ko_36890379.mp3	4752
common_voice_ko_36524845.mp3	4680
common_voice_ko_37159832.mp3	7416
common_voice_ko_35845989.mp3	6516
common_voice_ko_37211933.mp3	3996
common_voice_ko_36899464.mp3	6624
common_voice_ko_37553555.mp3	5436
common_voice_ko_36890642.mp3	3132
common_voice_ko_35972063.mp3	7164
common_voice_ko_38203480.mp3	8460
common_voice_ko_36899481.mp3	9792
common_voice_ko_35890595.mp3	5580
common_voice_ko_37195170.mp3	6156
common_voice_ko_37532457.mp3	5796
common_voice_ko_36880248.mp3	7020
common_voice_ko_36890354.mp3	5472
common_voice_ko_35971341.mp3	6660
common_voice_ko_36305785.mp3	6768
common_voice_ko_36880174.mp3	5076
common_voice_ko_36314655.mp3	1620
common_voice_ko_35847831.mp3	9900
common_voice_ko_35848155.mp3	10008
common_voice_ko_35890700.mp3	9504
common_voice_ko_36880267.mp3	7380
common_voice_ko_36984971.mp3	4644
common_voice_ko_36525132.mp3	4356
common_voice_ko_35846580.mp3	4896
common_voice_ko_35891388.mp3	5616
common_voice_ko_36545195.mp3	6300
common_voice_ko_36545248.mp3	4068
common_voice_ko_36525277.mp3	5472
common_voice_ko_36880302.mp3	4968
common_voice_ko_36984578.mp3	6156
common_voice_ko_38383615.mp3	6048
common_voice_ko_35970429.mp3	9612
common_voice_ko_35923264.mp3	4536
common_voice_ko_35971402.mp3	9360
common_voice_ko_38203539.mp3	3888
common_voice_ko_36314601.mp3	2628
common_voice_ko_35846216.mp3	5688
common_voice_ko_36890355.mp3	3708
common_voice_ko_36880209.mp3	5580
common_voice_ko_36985139.mp3	6840
common_voice_ko_36545199.mp3	3528
common_voice_ko_36802481.mp3	3816
common_voice_ko_35850787.mp3	2088
common_voice_ko_37211935.mp3	5040
common_voice_ko_35845958.mp3	7200
common_voice_ko_36525202.mp3	5472
common_voice_ko_36899458.mp3	6696
common_voice_ko_35866053.mp3	6768
common_voice_ko_36984604.mp3	3816
common_voice_ko_36890704.mp3	2952
common_voice_ko_35970759.mp3	5112
common_voice_ko_35852236.mp3	3960
common_voice_ko_36524930.mp3	9180
common_voice_ko_36880389.mp3	5220
common_voice_ko_36890612.mp3	4680
common_voice_ko_37553553.mp3	4968
common_voice_ko_35850516.mp3	4248
common_voice_ko_36545233.mp3	7704
common_voice_ko_36880106.mp3	4968
common_voice_ko_35890924.mp3	8928
common_voice_ko_35969184.mp3	9720
common_voice_ko_35845931.mp3	2880
common_voice_ko_38203525.mp3	3240
common_voice_ko_36314591.mp3	4608
common_voice_ko_35969102.mp3	4716
common_voice_ko_35846213.mp3	4788
common_voice_ko_36985008.mp3	3924
common_voice_ko_35969129.mp3	7812
common_voice_ko_37185323.mp3	6372
common_voice_ko_37195152.mp3	6984
common_voice_ko_36305788.mp3	2808
common_voice_ko_36314587.mp3	3276
common_voice_ko_36412913.mp3	6660
common_voice_ko_36549540.mp3	6156
common_voice_ko_37532458.mp3	6876
common_voice_ko_36880074.mp3	3996
common_voice_ko_35969656.mp3	6840
common_voice_ko_36802433.mp3	4176
common_voice_ko_36880184.mp3	4608
common_voice_ko_36899336.mp3	9720
common_voice_ko_36545189.mp3	7848
common_voice_ko_36984542.mp3	7344
common_voice_ko_36394266.mp3	6156
common_voice_ko_36545227.mp3	8496
common_voice_ko_36984608.mp3	9756
common_voice_ko_36890707.mp3	5256
common_voice_ko_35848548.mp3	5616
common_voice_ko_38203274.mp3	3888
common_voice_ko_36984540.mp3	7488
common_voice_ko_35844473.mp3	5436
common_voice_ko_35890761.mp3	2448
common_voice_ko_36524899.mp3	3888
common_voice_ko_36899442.mp3	5112
common_voice_ko_38203527.mp3	6660
common_voice_ko_35969126.mp3	9288
common_voice_ko_35848399.mp3	6912
common_voice_ko_35905473.mp3	4356
common_voice_ko_36655275.mp3	6768
common_voice_ko_36314650.mp3	4536
common_voice_ko_36314631.mp3	2880
common_voice_ko_35891315.mp3	7920
common_voice_ko_36880278.mp3	4320
common_voice_ko_36899368.mp3	8100
common_voice_ko_36880182.mp3	5796
common_voice_ko_36524903.mp3	7308
common_voice_ko_37159824.mp3	5616
common_voice_ko_35923129.mp3	6732
common_voice_ko_36838361.mp3	5436
common_voice_ko_35848401.mp3	8604
common_voice_ko_36880142.mp3	3636
common_voice_ko_36880121.mp3	4500
common_voice_ko_36880210.mp3	3420
common_voice_ko_36880195.mp3	5220
common_voice_ko_38203360.mp3	3060
common_voice_ko_35846364.mp3	4500
common_voice_ko_35846068.mp3	6120
common_voice_ko_37179244.mp3	4248
common_voice_ko_36802469.mp3	5508
common_voice_ko_35970114.mp3	7092
common_voice_ko_35891349.mp3	7488
common_voice_ko_38257692.mp3	3312
common_voice_ko_37211939.mp3	3348
common_voice_ko_35846581.mp3	2376
common_voice_ko_37211943.mp3	3240
common_voice_ko_37195177.mp3	3780
common_voice_ko_36985030.mp3	5940
common_voice_ko_36899468.mp3	9108
common_voice_ko_38203235.mp3	4608
common_voice_ko_38203581.mp3	7668
common_voice_ko_35969074.mp3	6444
common_voice_ko_35890676.mp3	7920
common_voice_ko_35890632.mp3	7272
common_voice_ko_37339102.mp3	6516
common_voice_ko_35905902.mp3	4788
common_voice_ko_35905428.mp3	2340
common_voice_ko_37339106.mp3	3348
common_voice_ko_35848270.mp3	9720
common_voice_ko_37195144.mp3	5760
common_voice_ko_36880333.mp3	7380
common_voice_ko_38203323.mp3	4320
common_voice_ko_38203225.mp3	5760
common_voice_ko_36880394.mp3	4140
common_voice_ko_35852237.mp3	3456
common_voice_ko_35845600.mp3	10116
common_voice_ko_37247557.mp3	6948
common_voice_ko_37444306.mp3	9972
common_voice_ko_36880408.mp3	5868
common_voice_ko_35890774.mp3	6408
common_voice_ko_38203311.mp3	5760
common_voice_ko_36331018.mp3	3708
common_voice_ko_36880128.mp3	5796
common_voice_ko_36524776.mp3	6192
common_voice_ko_35844161.mp3	9756
common_voice_ko_36800747.mp3	4608
common_voice_ko_37195161.mp3	4716
common_voice_ko_37597008.mp3	5796
common_voice_ko_36835726.mp3	6696
common_voice_ko_36985143.mp3	9144
common_voice_ko_35846194.mp3	6696
common_voice_ko_37597043.mp3	5868
common_voice_ko_36899361.mp3	10368
common_voice_ko_35969071.mp3	9900
common_voice_ko_35890732.mp3	9036
common_voice_ko_36985070.mp3	5724
common_voice_ko_38203593.mp3	4716
common_voice_ko_35969619.mp3	10260
common_voice_ko_36890270.mp3	3852
common_voice_ko_36802447.mp3	5076
common_voice_ko_35844227.mp3	7884
common_voice_ko_35890757.mp3	10368
common_voice_ko_37977385.mp3	3528
common_voice_ko_36525278.mp3	6444
common_voice_ko_36985048.mp3	7776
common_voice_ko_35845213.mp3	9180
common_voice_ko_35847828.mp3	7344
common_voice_ko_35971940.mp3	9936
common_voice_ko_36802523.mp3	3348
common_voice_ko_36545212.mp3	7524
common_voice_ko_36802434.mp3	3996
common_voice_ko_36802458.mp3	4608
common_voice_ko_35905375.mp3	4068
common_voice_ko_35923237.mp3	3348
common_voice_ko_35846641.mp3	2916
common_voice_ko_36880393.mp3	5256
common_voice_ko_37439346.mp3	3096
common_voice_ko_37195221.mp3	5004
common_voice_ko_38203501.mp3	4536
common_voice_ko_36314666.mp3	4176
common_voice_ko_35884398.mp3	5904
common_voice_ko_37625777.mp3	3816
common_voice_ko_36984632.mp3	6300
common_voice_ko_38203567.mp3	6876
common_voice_ko_37211989.mp3	4536
common_voice_ko_35969657.mp3	8928
common_voice_ko_36880407.mp3	3276
common_voice_ko_36984633.mp3	9900
common_voice_ko_35844026.mp3	6264
common_voice_ko_35970604.mp3	10224
common_voice_ko_35970120.mp3	7416
common_voice_ko_35891247.mp3	8964
common_voice_ko_35890594.mp3	6552
common_voice_ko_36838366.mp3	6228
common_voice_ko_37195168.mp3	6696
common_voice_ko_36545185.mp3	7200
common_voice_ko_36524784.mp3	7164
common_voice_ko_37195208.mp3	4356
common_voice_ko_36899362.mp3	6984
common_voice_ko_35890806.mp3	6804
common_voice_ko_36984595.mp3	9900
common_voice_ko_36802479.mp3	5688
common_voice_ko_36890609.mp3	4932
common_voice_ko_35890698.mp3	10440
common_voice_ko_35892266.mp3	9324
common_voice_ko_35846619.mp3	5328
common_voice_ko_35845960.mp3	8676
common_voice_ko_36984563.mp3	9792
common_voice_ko_35891246.mp3	7524
common_voice_ko_37018706.mp3	8676
common_voice_ko_36549611.mp3	3888
common_voice_ko_35884370.mp3	6300
common_voice_ko_36838390.mp3	3096
common_voice_ko_36314612.mp3	2268
common_voice_ko_36331017.mp3	4716
common_voice_ko_37532459.mp3	2808
common_voice_ko_36880251.mp3	5076
common_voice_ko_36524926.mp3	5580
common_voice_ko_36880332.mp3	5040
common_voice_ko_36899430.mp3	9504
common_voice_ko_36880325.mp3	8388
common_voice_ko_35971949.mp3	4104
common_voice_ko_35890611.mp3	8532
common_voice_ko_36314658.mp3	5076
common_voice_ko_36880048.mp3	6228
common_voice_ko_35846101.mp3	5796
common_voice_ko_38383619.mp3	6660
common_voice_ko_36412914.mp3	4176
common_voice_ko_36880221.mp3	6480
common_voice_ko_35850747.mp3	5148
common_voice_ko_35965292.mp3	5436
common_voice_ko_36890291.mp3	5760
common_voice_ko_38203553.mp3	4860
common_voice_ko_36549626.mp3	6516
common_voice_ko_35969620.mp3	7704
common_voice_ko_35970990.mp3	9720
common_voice_ko_36326825.mp3	10152
common_voice_ko_36590128.mp3	9540
common_voice_ko_37159813.mp3	5328
common_voice_ko_37604566.mp3	4860
common_voice_ko_38203228.mp3	5076
common_voice_ko_35904813.mp3	4968
common_voice_ko_37195167.mp3	5184
common_voice_ko_36552126.mp3	5904
common_voice_ko_37597011.mp3	6696
common_voice_ko_36838396.mp3	3528
common_voice_ko_36549648.mp3	7380
common_voice_ko_37179246.mp3	4716
common_voice_ko_37211928.mp3	3960
common_voice_ko_36314698.mp3	2736
common_voice_ko_36802414.mp3	3780
common_voice_ko_36880097.mp3	7488
common_voice_ko_36984961.mp3	9612
common_voice_ko_36984944.mp3	7776
common_voice_ko_38085862.mp3	3528
common_voice_ko_36549623.mp3	3996
common_voice_ko_38203440.mp3	7056
common_voice_ko_36984816.mp3	9792
common_voice_ko_36984572.mp3	5796
common_voice_ko_35846392.mp3	3168
common_voice_ko_35969212.mp3	9900
common_voice_ko_36802514.mp3	3636
common_voice_ko_36549541.mp3	2448
common_voice_ko_38203552.mp3	4536
common_voice_ko_35969312.mp3	10368
common_voice_ko_35972978.mp3	7848
common_voice_ko_35904925.mp3	5688
common_voice_ko_36314603.mp3	3456
common_voice_ko_36525133.mp3	7344
common_voice_ko_36985125.mp3	8676
common_voice_ko_37211952.mp3	4860
common_voice_ko_36838372.mp3	6516
common_voice_ko_36985128.mp3	8064
common_voice_ko_36880323.mp3	6696
common_voice_ko_35850235.mp3	5688
common_voice_ko_35852202.mp3	5868
common_voice_ko_35970602.mp3	5616
common_voice_ko_36394273.mp3	6660
common_voice_ko_35905374.mp3	5796
common_voice_ko_35846400.mp3	6696
common_voice_ko_36545197.mp3	8100
common_voice_ko_36880150.mp3	5040
common_voice_ko_35970493.mp3	10044
common_voice_ko_38203528.mp3	8676
common_voice_ko_38203413.mp3	3888
common_voice_ko_36545220.mp3	5148
common_voice_ko_35969210.mp3	7236
common_voice_ko_35891641.mp3	8460
common_voice_ko_35892171.mp3	8784
common_voice_ko_36525165.mp3	5832
common_voice_ko_37159838.mp3	7236
common_voice_ko_35969916.mp3	7092
common_voice_ko_36545190.mp3	4068
common_voice_ko_36880064.mp3	3240
common_voice_ko_36985152.mp3	5652
common_voice_ko_38257688.mp3	4176
common_voice_ko_35848549.mp3	5040
common_voice_ko_36314613.mp3	4140
common_voice_ko_36524785.mp3	3996
common_voice_ko_36545196.mp3	4320
common_voice_ko_36880196.mp3	5328
common_voice_ko_35891431.mp3	5472
common_voice_ko_38203315.mp3	7020
common_voice_ko_36880117.mp3	5436
common_voice_ko_35890776.mp3	6480
common_voice_ko_36525296.mp3	5112
common_voice_ko_36549606.mp3	3420
common_voice_ko_36412916.mp3	4536
common_voice_ko_35890880.mp3	6948
common_voice_ko_35844474.mp3	9072
common_voice_ko_38203338.mp3	3528
common_voice_ko_35845741.mp3	6948
common_voice_ko_36525291.mp3	7272
common_voice_ko_35848501.mp3	7848
common_voice_ko_36314590.mp3	3168
common_voice_ko_37159839.mp3	9108
common_voice_ko_35890845.mp3	8136
common_voice_ko_35891445.mp3	7992
common_voice_ko_35848550.mp3	6408
common_voice_ko_38203336.mp3	7380
common_voice_ko_35845873.mp3	4176
common_voice_ko_38203436.mp3	5796
common_voice_ko_38203340.mp3	4356
common_voice_ko_35891098.mp3	10476
common_voice_ko_35845957.mp3	9792
common_voice_ko_36525308.mp3	5904
common_voice_ko_36838387.mp3	5760
common_voice_ko_36984562.mp3	5652
common_voice_ko_35965274.mp3	7128
common_voice_ko_35844162.mp3	4464
common_voice_ko_36396940.mp3	7776
common_voice_ko_37018707.mp3	6876
common_voice_ko_36899376.mp3	10404
common_voice_ko_36838367.mp3	4860
common_voice_ko_36985022.mp3	3456
common_voice_ko_36314562.mp3	4968
common_voice_ko_36396941.mp3	5688
common_voice_ko_35852120.mp3	2988
common_voice_ko_37195189.mp3	7524
common_voice_ko_35969182.mp3	9144
common_voice_ko_36880218.mp3	7020
common_voice_ko_35972028.mp3	3888
common_voice_ko_37239005.mp3	6588
common_voice_ko_35971974.mp3	4140
common_voice_ko_37185325.mp3	7668
common_voice_ko_36655271.mp3	8316
common_voice_ko_35891713.mp3	5472
common_voice_ko_36880168.mp3	3996
common_voice_ko_37212037.mp3	3168
common_voice_ko_36458008.mp3	6588
common_voice_ko_35846251.mp3	4320
common_voice_ko_36545271.mp3	6588
common_voice_ko_35972882.mp3	7956
common_voice_ko_35850233.mp3	4896
common_voice_ko_38383614.mp3	7236
common_voice_ko_36880279.mp3	6588
common_voice_ko_35969236.mp3	6660
common_voice_ko_35844297.mp3	8892
common_voice_ko_35904871.mp3	8928
common_voice_ko_35846577.mp3	5760
common_voice_ko_37597064.mp3	4608
common_voice_ko_36899441.mp3	10188
common_voice_ko_35970762.mp3	10440
common_voice_ko_35847674.mp3	4968
common_voice_ko_36899459.mp3	10368
common_voice_ko_36984607.mp3	9936
common_voice_ko_36524984.mp3	4104
common_voice_ko_36314667.mp3	3348
common_voice_ko_35846250.mp3	4428
common_voice_ko_36545258.mp3	7308
common_voice_ko_36314643.mp3	3780
common_voice_ko_38203598.mp3	7020
common_voice_ko_37805955.mp3	5616
common_voice_ko_36899462.mp3	7488
common_voice_ko_35969812.mp3	8136
common_voice_ko_37018718.mp3	4860
common_voice_ko_36314522.mp3	2700
common_voice_ko_35969160.mp3	7272
common_voice_ko_36985009.mp3	4752
common_voice_ko_35970998.mp3	8280
common_voice_ko_35848084.mp3	9288
common_voice_ko_36549644.mp3	6300
common_voice_ko_35845836.mp3	4500
common_voice_ko_35922976.mp3	4896
common_voice_ko_37195199.mp3	6192
common_voice_ko_36314611.mp3	3600
common_voice_ko_36899424.mp3	6912
common_voice_ko_36314685.mp3	3096
common_voice_ko_35971952.mp3	5004
common_voice_ko_38383624.mp3	7488
common_voice_ko_38203224.mp3	5328
common_voice_ko_38383616.mp3	6120
common_voice_ko_35971953.mp3	3276
common_voice_ko_36880191.mp3	5868
common_voice_ko_36984541.mp3	6336
common_voice_ko_37195172.mp3	6876
common_voice_ko_37451137.mp3	3420
common_voice_ko_36899364.mp3	8532
common_voice_ko_36880197.mp3	3996
common_voice_ko_35887285.mp3	6300
common_voice_ko_36899343.mp3	10224
common_voice_ko_36545232.mp3	4032
common_voice_ko_36880123.mp3	3816
common_voice_ko_35969714.mp3	8928
common_voice_ko_35845871.mp3	4176
common_voice_ko_37195192.mp3	3996
common_voice_ko_36899444.mp3	10440
common_voice_ko_36331016.mp3	4572
common_voice_ko_38203499.mp3	4320
common_voice_ko_35848269.mp3	9432
common_voice_ko_36890281.mp3	4788
common_voice_ko_37604564.mp3	8820
common_voice_ko_38085864.mp3	8280
common_voice_ko_35848083.mp3	8676
common_voice_ko_37211915.mp3	4536
common_voice_ko_38225773.mp3	4860
common_voice_ko_37195175.mp3	6804
common_voice_ko_36984594.mp3	10368
common_voice_ko_36438705.mp3	6408
common_voice_ko_35845955.mp3	10296
common_voice_ko_35890697.mp3	7164
common_voice_ko_35972591.mp3	8928
common_voice_ko_37195160.mp3	6804
common_voice_ko_35892129.mp3	7020
common_voice_ko_35850840.mp3	4896
common_voice_ko_37378955.mp3	5796
common_voice_ko_36880169.mp3	5400
common_voice_ko_37195176.mp3	6264
common_voice_ko_35923284.mp3	4320
common_voice_ko_36880199.mp3	4860
common_voice_ko_35892263.mp3	7308
common_voice_ko_36838363.mp3	7380
common_voice_ko_36314571.mp3	4140
common_voice_ko_35922762.mp3	6444
common_voice_ko_38225775.mp3	5688
common_voice_ko_35891100.mp3	9288
common_voice_ko_35923140.mp3	7524
common_voice_ko_37211961.mp3	3780
common_voice_ko_37195162.mp3	8928
common_voice_ko_36800756.mp3	6120
common_voice_ko_37159825.mp3	8028
common_voice_ko_38203543.mp3	5436
common_voice_ko_36549605.mp3	7848
common_voice_ko_36984943.mp3	9648
common_voice_ko_36552124.mp3	7164
common_voice_ko_35965290.mp3	6516
common_voice_ko_35890811.mp3	9972
common_voice_ko_36314649.mp3	5616
common_voice_ko_38203500.mp3	5436
common_voice_ko_38203570.mp3	4356
common_voice_ko_35890850.mp3	7272
common_voice_ko_35972197.mp3	7632
common_voice_ko_36880241.mp3	4680
common_voice_ko_36985031.mp3	10116
common_voice_ko_35844476.mp3	9036
common_voice_ko_36899432.mp3	9396
common_voice_ko_36880206.mp3	5940
common_voice_ko_35923177.mp3	4032
common_voice_ko_35923267.mp3	3888
common_voice_ko_35845684.mp3	5868
common_voice_ko_35892125.mp3	9792
common_voice_ko_38203297.mp3	9036
common_voice_ko_35850784.mp3	4176
common_voice_ko_36800765.mp3	6228
common_voice_ko_35887286.mp3	5796
common_voice_ko_37450867.mp3	6516
common_voice_ko_36880125.mp3	5580
common_voice_ko_36802427.mp3	5256
common_voice_ko_36880207.mp3	9288
common_voice_ko_38203226.mp3	10116
common_voice_ko_37179243.mp3	5796
common_voice_ko_36899426.mp3	6156
common_voice_ko_37159805.mp3	3168
common_voice_ko_35850229.mp3	6408
common_voice_ko_36880179.mp3	2016
common_voice_ko_35972006.mp3	6516
common_voice_ko_36984571.mp3	9000
common_voice_ko_37159810.mp3	6408
common_voice_ko_37805962.mp3	3600
common_voice_ko_36524938.mp3	4788
common_voice_ko_37018720.mp3	5688
common_voice_ko_36506459.mp3	1872
common_voice_ko_36474949.mp3	6696
common_voice_ko_36545201.mp3	6012
common_voice_ko_38383639.mp3	6660
common_voice_ko_38203223.mp3	4860
common_voice_ko_38383637.mp3	4068
common_voice_ko_35845986.mp3	6948
common_voice_ko_37977382.mp3	3960
common_voice_ko_36890362.mp3	4716
common_voice_ko_35922765.mp3	5220
common_voice_ko_35969048.mp3	9432
common_voice_ko_35923139.mp3	7200
common_voice_ko_35852204.mp3	3996
common_voice_ko_36549597.mp3	3816
common_voice_ko_37597042.mp3	4680
common_voice_ko_36314642.mp3	3816
common_voice_ko_35846685.mp3	4680
common_voice_ko_35971560.mp3	10116
common_voice_ko_36314699.mp3	3240
common_voice_ko_36326826.mp3	10476
common_voice_ko_36880409.mp3	6768
common_voice_ko_35969046.mp3	10296
common_voice_ko_36880380.mp3	4896
common_voice_ko_37386651.mp3	7236
common_voice_ko_36880122.mp3	7236
common_voice_ko_37195143.mp3	6264
common_voice_ko_37008625.mp3	19980
common_voice_ko_36899433.mp3	9720
common_voice_ko_36880382.mp3	2196
common_voice_ko_35973061.mp3	3240
common_voice_ko_36455841.mp3	6588
common_voice_ko_37195188.mp3	4032
common_voice_ko_36880190.mp3	3816
common_voice_ko_35890609.mp3	4932
common_voice_ko_36880314.mp3	2376
common_voice_ko_37195159.mp3	7704
common_voice_ko_38383625.mp3	6768
common_voice_ko_38383607.mp3	3816
common_voice_ko_38383618.mp3	5076
common_voice_ko_36331015.mp3	4572
common_voice_ko_37444308.mp3	5436
common_voice_ko_35972248.mp3	5076
common_voice_ko_36880124.mp3	2376
common_voice_ko_38203614.mp3	4536
common_voice_ko_35844399.mp3	6156
common_voice_ko_35904815.mp3	6948
common_voice_ko_36880134.mp3	3636
common_voice_ko_36802490.mp3	5436
common_voice_ko_35845149.mp3	9972
common_voice_ko_37553554.mp3	4716
common_voice_ko_37451173.mp3	4860
common_voice_ko_37018722.mp3	5796
common_voice_ko_36524939.mp3	5472
common_voice_ko_36802412.mp3	3456
common_voice_ko_36880214.mp3	7920
common_voice_ko_35848359.mp3	9792
common_voice_ko_36416346.mp3	5040
common_voice_ko_36800764.mp3	4716
common_voice_ko_38203408.mp3	7236
common_voice_ko_36802425.mp3	4248
common_voice_ko_36880215.mp3	5976
common_voice_ko_36545210.mp3	4824
common_voice_ko_37212001.mp3	2880
common_voice_ko_36802516.mp3	3240
common_voice_ko_38203227.mp3	5436
common_voice_ko_36880280.mp3	7776
common_voice_ko_35970492.mp3	6696
common_voice_ko_36305782.mp3	5508
common_voice_ko_36802470.mp3	6228
common_voice_ko_36524918.mp3	5256
common_voice_ko_36800754.mp3	6588
common_voice_ko_35970826.mp3	9792
common_voice_ko_35890675.mp3	7164
common_voice_ko_35923265.mp3	3888
common_voice_ko_35850834.mp3	5436
common_voice_ko_35969101.mp3	3132
common_voice_ko_38203541.mp3	6696
common_voice_ko_35890944.mp3	8496
common_voice_ko_35845959.mp3	9180
common_voice_ko_35971462.mp3	5868
common_voice_ko_35845876.mp3	5076
common_voice_ko_35905263.mp3	4860
common_voice_ko_36985007.mp3	5652
common_voice_ko_36802527.mp3	4968
common_voice_ko_35972881.mp3	4464
common_voice_ko_35890976.mp3	4212
common_voice_ko_35848149.mp3	6984
common_voice_ko_37211951.mp3	5688
common_voice_ko_35891393.mp3	8892
common_voice_ko_36985140.mp3	8964
common_voice_ko_38203596.mp3	3708
common_voice_ko_36880053.mp3	8136
common_voice_ko_36314607.mp3	3420
common_voice_ko_35844070.mp3	5436
common_voice_ko_35846507.mp3	3780
common_voice_ko_38203296.mp3	4500
common_voice_ko_35844566.mp3	8172
common_voice_ko_38203457.mp3	6516
common_voice_ko_35890593.mp3	8064
common_voice_ko_38203234.mp3	6516
common_voice_ko_38383621.mp3	7056
common_voice_ko_35969003.mp3	9648
common_voice_ko_35970246.mp3	7488
common_voice_ko_36899467.mp3	10260
common_voice_ko_35845802.mp3	4500
common_voice_ko_37450869.mp3	7416
common_voice_ko_36838375.mp3	6048
common_voice_ko_36880045.mp3	7056
common_voice_ko_37339104.mp3	4248
common_voice_ko_36545264.mp3	6516
common_voice_ko_36880181.mp3	2556
common_voice_ko_36525298.mp3	3744
common_voice_ko_37386650.mp3	6588
common_voice_ko_35845211.mp3	6156
common_voice_ko_35846190.mp3	4248
common_voice_ko_37211953.mp3	2268
common_voice_ko_36880412.mp3	7200
common_voice_ko_36314633.mp3	3060
common_voice_ko_35850617.mp3	4680
common_voice_ko_35891714.mp3	5328
common_voice_ko_35890730.mp3	9900
common_voice_ko_36549628.mp3	6336
common_voice_ko_35891025.mp3	9828
common_voice_ko_36802526.mp3	5076
common_voice_ko_35922928.mp3	4536
common_voice_ko_36985024.mp3	9216
common_voice_ko_38383622.mp3	3708
common_voice_ko_36838384.mp3	5076
common_voice_ko_36549582.mp3	4968
common_voice_ko_38203250.mp3	4968
common_voice_ko_36314610.mp3	3888
common_voice_ko_37195204.mp3	5220
common_voice_ko_37247556.mp3	9576
common_voice_ko_37444309.mp3	3852
common_voice_ko_35845601.mp3	9684
common_voice_ko_35844528.mp3	5364
common_voice_ko_37451138.mp3	6120
common_voice_ko_35970254.mp3	8136
common_voice_ko_35904867.mp3	4068
common_voice_ko_38203568.mp3	4140
common_voice_ko_36549581.mp3	3708
common_voice_ko_35846273.mp3	6048
common_voice_ko_35923223.mp3	6588
common_voice_ko_36899375.mp3	6552
common_voice_ko_36984569.mp3	10332
common_voice_ko_35890809.mp3	9360
common_voice_ko_36880177.mp3	6948
common_voice_ko_36545230.mp3	3060
common_voice_ko_36545269.mp3	3744
common_voice_ko_36890641.mp3	4608
common_voice_ko_36800751.mp3	8640
common_voice_ko_36525203.mp3	4680
common_voice_ko_35905257.mp3	5220
common_voice_ko_37195211.mp3	6084
common_voice_ko_35844163.mp3	8424
common_voice_ko_37625780.mp3	2736
common_voice_ko_36899348.mp3	7308
common_voice_ko_36305783.mp3	8856
common_voice_ko_37211909.mp3	5148
common_voice_ko_35891643.mp3	10332
common_voice_ko_36985182.mp3	9000
common_voice_ko_35845839.mp3	4680
common_voice_ko_37159843.mp3	3528
common_voice_ko_37625778.mp3	7272
common_voice_ko_35848271.mp3	5328
common_voice_ko_35850619.mp3	3780
common_voice_ko_35890610.mp3	4032
common_voice_ko_37597038.mp3	4680
common_voice_ko_36984609.mp3	8568
common_voice_ko_35844071.mp3	4284
common_voice_ko_37195193.mp3	5400
common_voice_ko_35970121.mp3	8064
common_voice_ko_36899434.mp3	10332
common_voice_ko_36838383.mp3	2916
common_voice_ko_35887289.mp3	3888
common_voice_ko_37451174.mp3	6120
common_voice_ko_35969408.mp3	10332
common_voice_ko_36800750.mp3	5616
common_voice_ko_35845599.mp3	8424
common_voice_ko_35971977.mp3	5328
common_voice_ko_35970310.mp3	4752
common_voice_ko_35965273.mp3	7416
common_voice_ko_37439348.mp3	3132
common_voice_ko_36890365.mp3	8676
common_voice_ko_36545236.mp3	4392
common_voice_ko_36880354.mp3	4860
common_voice_ko_36880205.mp3	3996
common_voice_ko_36880062.mp3	5040
common_voice_ko_36549629.mp3	6300
common_voice_ko_35845419.mp3	10404
common_voice_ko_35905435.mp3	5040
common_voice_ko_37451176.mp3	4860
common_voice_ko_36899439.mp3	8532
common_voice_ko_35970606.mp3	10260
common_voice_ko_36880178.mp3	5796
common_voice_ko_36984994.mp3	5328
common_voice_ko_37354614.mp3	10008
common_voice_ko_35884369.mp3	7668
common_voice_ko_35848086.mp3	7416
common_voice_ko_37597009.mp3	6480
common_voice_ko_37211985.mp3	4248
common_voice_ko_35850880.mp3	5076
common_voice_ko_36899360.mp3	9324
common_voice_ko_35844067.mp3	8640
common_voice_ko_36525169.mp3	6516
common_voice_ko_36800755.mp3	4500
common_voice_ko_36438707.mp3	5508
common_voice_ko_35905469.mp3	3060
common_voice_ko_36802472.mp3	7488
common_voice_ko_35969127.mp3	8460
common_voice_ko_36549616.mp3	3996
common_voice_ko_37597067.mp3	6696
common_voice_ko_38203554.mp3	7740
common_voice_ko_36838362.mp3	6696
common_voice_ko_35972008.mp3	3852
common_voice_ko_36802450.mp3	3096
common_voice_ko_36985180.mp3	10512
common_voice_ko_36545188.mp3	4536
common_voice_ko_36880419.mp3	6336
common_voice_ko_36524916.mp3	4896
common_voice_ko_36890768.mp3	3204
common_voice_ko_36314629.mp3	2268
common_voice_ko_36880277.mp3	3960
common_voice_ko_38203322.mp3	6300
common_voice_ko_37159803.mp3	3960
common_voice_ko_36899356.mp3	8316
common_voice_ko_35972102.mp3	5904
common_voice_ko_36984989.mp3	6192
common_voice_ko_35971465.mp3	9288
common_voice_ko_36314693.mp3	3780
common_voice_ko_35847832.mp3	9756
common_voice_ko_35850705.mp3	5796
common_voice_ko_36314572.mp3	3528
common_voice_ko_36890282.mp3	6480
common_voice_ko_35891385.mp3	3384
common_voice_ko_35891715.mp3	6552
common_voice_ko_37211913.mp3	4320
common_voice_ko_37604563.mp3	5760
common_voice_ko_37159817.mp3	3708
common_voice_ko_37386647.mp3	5508
common_voice_ko_37532461.mp3	5508
common_voice_ko_35891027.mp3	7668
common_voice_ko_36880162.mp3	4140
common_voice_ko_36880144.mp3	5940
common_voice_ko_35905260.mp3	7308
common_voice_ko_36880308.mp3	7308
common_voice_ko_36524812.mp3	2988
common_voice_ko_36880135.mp3	3348
common_voice_ko_36880139.mp3	5256
common_voice_ko_36524869.mp3	5508
common_voice_ko_36524898.mp3	6408
common_voice_ko_35905303.mp3	5868
common_voice_ko_35890946.mp3	10404
common_voice_ko_35970758.mp3	9324
common_voice_ko_37195205.mp3	6840
common_voice_ko_36890639.mp3	2916
common_voice_ko_36899440.mp3	10260
common_voice_ko_36802524.mp3	4896
common_voice_ko_36433060.mp3	4500
common_voice_ko_35890633.mp3	9396
common_voice_ko_36899337.mp3	7308
common_voice_ko_36314700.mp3	3168
common_voice_ko_37211942.mp3	5328
common_voice_ko_37185324.mp3	7992
common_voice_ko_35850372.mp3	5868
common_voice_ko_35847830.mp3	10296
common_voice_ko_36880395.mp3	6696
common_voice_ko_36525199.mp3	6336
common_voice_ko_35852239.mp3	3888
common_voice_ko_36545257.mp3	2556
common_voice_ko_37378953.mp3	8856
common_voice_ko_36880225.mp3	5328
common_voice_ko_36880213.mp3	4500
common_voice_ko_35846686.mp3	5328
common_voice_ko_36838402.mp3	4428
common_voice_ko_35972593.mp3	7128
common_voice_ko_35846365.mp3	4536
common_voice_ko_35848220.mp3	10476
common_voice_ko_35845838.mp3	3780
common_voice_ko_35905471.mp3	4140
common_voice_ko_37185322.mp3	6264
common_voice_ko_38383634.mp3	5796
common_voice_ko_35972249.mp3	9036
common_voice_ko_36802491.mp3	4068
common_voice_ko_38203275.mp3	3780
common_voice_ko_35971275.mp3	6912
common_voice_ko_36305784.mp3	4716
common_voice_ko_35848354.mp3	10152
common_voice_ko_37211948.mp3	7740
common_voice_ko_36438714.mp3	3276
common_voice_ko_36433059.mp3	4968
common_voice_ko_36314653.mp3	6480
common_voice_ko_36455824.mp3	7596
common_voice_ko_36880238.mp3	5688
common_voice_ko_36880148.mp3	4680
common_voice_ko_36506456.mp3	2052
common_voice_ko_36524879.mp3	5328
common_voice_ko_37378954.mp3	6768
common_voice_ko_36524871.mp3	5400
common_voice_ko_36802408.mp3	8496
common_voice_ko_36984942.mp3	9576
common_voice_ko_36985020.mp3	8640
common_voice_ko_35891558.mp3	10368
common_voice_ko_35923171.mp3	3564
common_voice_ko_37195154.mp3	7380
common_voice_ko_36525168.mp3	7560
common_voice_ko_35846508.mp3	5436
common_voice_ko_36880406.mp3	8568
common_voice_ko_36899357.mp3	10188
common_voice_ko_36899470.mp3	10188
common_voice_ko_36524953.mp3	5652
common_voice_ko_38203409.mp3	7668
common_voice_ko_36394269.mp3	6588
common_voice_ko_36899372.mp3	6480
common_voice_ko_36880130.mp3	7848
common_voice_ko_36880233.mp3	7056
common_voice_ko_36985151.mp3	9720
common_voice_ko_35922764.mp3	3204
common_voice_ko_36802506.mp3	5256
common_voice_ko_36985150.mp3	9108
common_voice_ko_36525116.mp3	7020
common_voice_ko_35848151.mp3	9180
common_voice_ko_36525130.mp3	6660
common_voice_ko_36545200.mp3	5976
common_voice_ko_36549551.mp3	4680
common_voice_ko_36802417.mp3	4320
common_voice_ko_35850616.mp3	4968
common_voice_ko_36890266.mp3	3888
common_voice_ko_36880115.mp3	7020
common_voice_ko_38203217.mp3	4680
common_voice_ko_36899429.mp3	4968
common_voice_ko_35969006.mp3	9468
common_voice_ko_35905298.mp3	4788
common_voice_ko_35891102.mp3	8316
common_voice_ko_36985047.mp3	10368
common_voice_ko_36880227.mp3	3528
common_voice_ko_37195151.mp3	6516
common_voice_ko_35970995.mp3	5112
common_voice_ko_35845422.mp3	8640
common_voice_ko_37211914.mp3	2340
common_voice_ko_36590126.mp3	7236
common_voice_ko_36880203.mp3	6948
common_voice_ko_38203594.mp3	2808
common_voice_ko_36802436.mp3	6516
common_voice_ko_36880072.mp3	7128
common_voice_ko_37195215.mp3	5004
common_voice_ko_36880313.mp3	5436
common_voice_ko_35846510.mp3	2808
common_voice_ko_36525201.mp3	5688
common_voice_ko_38203261.mp3	9000
common_voice_ko_36880298.mp3	5436
common_voice_ko_35848398.mp3	5544
common_voice_ko_36549647.mp3	2556
common_voice_ko_37439341.mp3	8532
common_voice_ko_37195212.mp3	7848
common_voice_ko_36880223.mp3	4716
common_voice_ko_36984974.mp3	6156
common_voice_ko_35850423.mp3	6120
common_voice_ko_35890843.mp3	8388
common_voice_ko_36890294.mp3	3960
common_voice_ko_35846248.mp3	2448
common_voice_ko_36838358.mp3	3780
common_voice_ko_35846215.mp3	3780
common_voice_ko_35852125.mp3	5328
common_voice_ko_35890770.mp3	7632
common_voice_ko_37211957.mp3	5256
common_voice_ko_37211922.mp3	6228
common_voice_ko_35971985.mp3	5976
common_voice_ko_35890759.mp3	9108
common_voice_ko_36899475.mp3	9540
common_voice_ko_35923127.mp3	2988
common_voice_ko_37444310.mp3	4572
common_voice_ko_36984602.mp3	8244
common_voice_ko_38203236.mp3	4320
common_voice_ko_35923220.mp3	5832
common_voice_ko_35923282.mp3	4644
common_voice_ko_36838365.mp3	6948
common_voice_ko_37212002.mp3	4608
common_voice_ko_35844569.mp3	9900
common_voice_ko_35969310.mp3	9072
common_voice_ko_36880306.mp3	3168
common_voice_ko_36899367.mp3	10440
common_voice_ko_35847678.mp3	6192
common_voice_ko_35892026.mp3	8136
common_voice_ko_35971561.mp3	9684
common_voice_ko_36314563.mp3	5796
common_voice_ko_37212009.mp3	4788
common_voice_ko_36524919.mp3	5796
common_voice_ko_35891855.mp3	9900
common_voice_ko_36314593.mp3	4680
common_voice_ko_36880337.mp3	3996
common_voice_ko_36984491.mp3	6948
common_voice_ko_36880231.mp3	6156
common_voice_ko_35969238.mp3	10116
common_voice_ko_35848272.mp3	7704
common_voice_ko_37195164.mp3	5688
common_voice_ko_35890942.mp3	8064
common_voice_ko_35844294.mp3	9900
common_voice_ko_36880252.mp3	3348
common_voice_ko_35973063.mp3	5868
common_voice_ko_38203299.mp3	6516
common_voice_ko_35969125.mp3	5112
common_voice_ko_35922810.mp3	5724
common_voice_ko_35970490.mp3	10368
common_voice_ko_38203579.mp3	5076
common_voice_ko_36525148.mp3	6408
common_voice_ko_37211921.mp3	5328
common_voice_ko_36899487.mp3	9792
common_voice_ko_36458007.mp3	4140
common_voice_ko_35969311.mp3	9720
common_voice_ko_36890293.mp3	3816
common_voice_ko_36880275.mp3	5760
common_voice_ko_37211912.mp3	7200
common_voice_ko_36880224.mp3	2556
common_voice_ko_35923276.mp3	4716
common_voice_ko_36802410.mp3	3096
common_voice_ko_36314510.mp3	6156
common_voice_ko_36800708.mp3	4860
common_voice_ko_36590130.mp3	5256
common_voice_ko_36984962.mp3	7092
common_voice_ko_36800748.mp3	5040
common_voice_ko_36525001.mp3	4644
common_voice_ko_35973060.mp3	8604
common_voice_ko_37211937.mp3	4248
common_voice_ko_36880396.mp3	3528
common_voice_ko_38203249.mp3	5580
common_voice_ko_36305780.mp3	7668
common_voice_ko_35844229.mp3	6624
common_voice_ko_36438703.mp3	5868
common_voice_ko_36880373.mp3	5580
common_voice_ko_36899460.mp3	10008
common_voice_ko_35846427.mp3	6156
common_voice_ko_35969443.mp3	8460
common_voice_ko_37638447.mp3	5976
common_voice_ko_36984965.mp3	6588
common_voice_ko_35848518.mp3	9036
common_voice_ko_37159818.mp3	5508
common_voice_ko_35850365.mp3	2808
common_voice_ko_38203361.mp3	7308
common_voice_ko_35844225.mp3	9576
common_voice_ko_36524786.mp3	5472
common_voice_ko_36838382.mp3	5580
common_voice_ko_36899457.mp3	7128
common_voice_ko_36880355.mp3	5040
common_voice_ko_36984598.mp3	10044
common_voice_ko_37239002.mp3	6768
common_voice_ko_36524900.mp3	5256
common_voice_ko_37159814.mp3	5436
common_voice_ko_36800763.mp3	5220
common_voice_ko_35972592.mp3	10080
common_voice_ko_36838398.mp3	6660
common_voice_ko_37159823.mp3	8208
common_voice_ko_38203578.mp3	1908
common_voice_ko_37212038.mp3	7740
common_voice_ko_35969406.mp3	9936
common_voice_ko_35850420.mp3	6660
common_voice_ko_36800749.mp3	5220
common_voice_ko_36880116.mp3	6156
common_voice_ko_36314609.mp3	2916
common_voice_ko_38383631.mp3	4176
common_voice_ko_36890767.mp3	3024
common_voice_ko_37195196.mp3	6948
common_voice_ko_37211959.mp3	3888
common_voice_ko_36545198.mp3	5076
common_voice_ko_36458009.mp3	6300
common_voice_ko_36314519.mp3	1656
common_voice_ko_37195210.mp3	5292
common_voice_ko_35969914.mp3	4896
common_voice_ko_36890351.mp3	3636
common_voice_ko_36880365.mp3	5760
common_voice_ko_35845151.mp3	7776
common_voice_ko_35971321.mp3	7560
common_voice_ko_36984814.mp3	10440
common_voice_ko_36524982.mp3	7200
common_voice_ko_36880079.mp3	6156
common_voice_ko_37018721.mp3	6408
common_voice_ko_35846331.mp3	5616
common_voice_ko_36838368.mp3	4248
common_voice_ko_35972980.mp3	9828
common_voice_ko_35850518.mp3	4176
common_voice_ko_36899346.mp3	4752
common_voice_ko_35922768.mp3	7848
common_voice_ko_36802453.mp3	4176
common_voice_ko_36985045.mp3	5508
common_voice_ko_35890596.mp3	7200
common_voice_ko_35971563.mp3	10440
common_voice_ko_35845416.mp3	8532
common_voice_ko_36985034.mp3	9648
common_voice_ko_36880075.mp3	3240
common_voice_ko_35846266.mp3	3060
common_voice_ko_36802492.mp3	4608
common_voice_ko_35971942.mp3	4968
common_voice_ko_35846396.mp3	5220
common_voice_ko_35972594.mp3	10512
common_voice_ko_36899477.mp3	9972
common_voice_ko_36545223.mp3	4428
common_voice_ko_36880186.mp3	5436
common_voice_ko_35848402.mp3	6696
common_voice_ko_36549538.mp3	6336
common_voice_ko_36438706.mp3	5076
common_voice_ko_35887288.mp3	3168
common_voice_ko_36838399.mp3	3276
common_voice_ko_36880068.mp3	6948
common_voice_ko_36524856.mp3	8892
common_voice_ko_35972933.mp3	5400
common_voice_ko_36524931.mp3	6840
common_voice_ko_36880095.mp3	7380
common_voice_ko_36524788.mp3	7776
common_voice_ko_36314481.mp3	5508
common_voice_ko_35890634.mp3	8460
common_voice_ko_36899466.mp3	7632
common_voice_ko_37018708.mp3	2880
common_voice_ko_35923266.mp3	6048
common_voice_ko_35846267.mp3	4176
common_voice_ko_35850837.mp3	4860
common_voice_ko_36545239.mp3	4320
common_voice_ko_36458010.mp3	10116
common_voice_ko_36984635.mp3	7488
common_voice_ko_35971343.mp3	7848
common_voice_ko_36899425.mp3	9072
common_voice_ko_36899369.mp3	8244
common_voice_ko_38383606.mp3	6228
common_voice_ko_35891028.mp3	4032
common_voice_ko_36880418.mp3	7380
common_voice_ko_35845933.mp3	6516
common_voice_ko_35891248.mp3	5724
common_voice_ko_36984975.mp3	7056
common_voice_ko_35969128.mp3	10296
common_voice_ko_35969100.mp3	7200
common_voice_ko_36984813.mp3	9720
common_voice_ko_36412917.mp3	6516
common_voice_ko_35969181.mp3	8496
common_voice_ko_37212013.mp3	6660
common_voice_ko_37597066.mp3	5508
common_voice_ko_35845748.mp3	9900
common_voice_ko_35890727.mp3	8784
common_voice_ko_36314573.mp3	6336
common_voice_ko_36314509.mp3	7236
common_voice_ko_36899446.mp3	3744
common_voice_ko_35970119.mp3	8064
common_voice_ko_36890283.mp3	4140
common_voice_ko_36880359.mp3	3996
common_voice_ko_35972932.mp3	6840
common_voice_ko_36890608.mp3	4068
common_voice_ko_35850476.mp3	5868
common_voice_ko_36524847.mp3	4068
common_voice_ko_37439347.mp3	4212
common_voice_ko_35970161.mp3	6444
common_voice_ko_36985006.mp3	5076
common_voice_ko_35922763.mp3	2196
common_voice_ko_38203298.mp3	2988
common_voice_ko_35850422.mp3	3960
common_voice_ko_36394267.mp3	5400
common_voice_ko_37444313.mp3	8172
common_voice_ko_36394265.mp3	7920
common_voice_ko_35891391.mp3	9432
common_voice_ko_35891438.mp3	9900
common_voice_ko_35845837.mp3	3888
common_voice_ko_36314483.mp3	4716
common_voice_ko_36890378.mp3	8208
common_voice_ko_36545202.mp3	4896
common_voice_ko_36899456.mp3	5760
common_voice_ko_38203540.mp3	5256
common_voice_ko_35970919.mp3	7380
common_voice_ko_36899447.mp3	6048
common_voice_ko_36549620.mp3	5868
common_voice_ko_35969716.mp3	8640
common_voice_ko_35850711.mp3	3780
common_voice_ko_35845420.mp3	9036
common_voice_ko_36314606.mp3	6480
common_voice_ko_35970010.mp3	10332
common_voice_ko_35970302.mp3	8172
common_voice_ko_36880098.mp3	4428
common_voice_ko_36838377.mp3	6480
common_voice_ko_36525307.mp3	3456
common_voice_ko_36880424.mp3	6228
common_voice_ko_36880103.mp3	4896
common_voice_ko_37195165.mp3	3384
common_voice_ko_36525167.mp3	7812
common_voice_ko_36549622.mp3	6300
common_voice_ko_37159808.mp3	6948
common_voice_ko_37444315.mp3	8640
common_voice_ko_36800757.mp3	2880
common_voice_ko_36314479.mp3	7056
common_voice_ko_36838386.mp3	5076
common_voice_ko_36545192.mp3	6588
common_voice_ko_38203262.mp3	6660
common_voice_ko_35891245.mp3	4896
common_voice_ko_38383630.mp3	4248
common_voice_ko_38203530.mp3	3420
common_voice_ko_36524983.mp3	8568
common_voice_ko_35923128.mp3	4068
common_voice_ko_35969180.mp3	5616
common_voice_ko_37159829.mp3	3708
common_voice_ko_36880386.mp3	4608
common_voice_ko_37239006.mp3	4248
common_voice_ko_35970920.mp3	8712
common_voice_ko_38203233.mp3	3780
common_voice_ko_37195209.mp3	5796
common_voice_ko_35969617.mp3	9576
common_voice_ko_36549552.mp3	6048
common_voice_ko_36985181.mp3	7524
common_voice_ko_36525300.mp3	8712
common_voice_ko_36985082.mp3	8064
common_voice_ko_37159826.mp3	6588
common_voice_ko_36326822.mp3	6300
common_voice_ko_36549624.mp3	3708
common_voice_ko_36802504.mp3	3708
common_voice_ko_35845987.mp3	3456
common_voice_ko_35850710.mp3	4176
common_voice_ko_36890361.mp3	6048
common_voice_ko_36525299.mp3	6336
common_voice_ko_36331014.mp3	3996
common_voice_ko_36890766.mp3	5436
common_voice_ko_35923238.mp3	2268
common_voice_ko_36899478.mp3	10044
common_voice_ko_35848219.mp3	7236
common_voice_ko_36880310.mp3	2988
common_voice_ko_35866057.mp3	5580
common_voice_ko_36314577.mp3	3960
common_voice_ko_36880211.mp3	7128
common_voice_ko_36314560.mp3	5508
common_voice_ko_36880054.mp3	5760
common_voice_ko_36524265.mp3	5868
common_voice_ko_36545234.mp3	5904
common_voice_ko_37211956.mp3	4068
common_voice_ko_37159834.mp3	8856
common_voice_ko_36549613.mp3	2988
common_voice_ko_36880105.mp3	7416
common_voice_ko_36985141.mp3	9612
common_voice_ko_36899332.mp3	7524
common_voice_ko_35971945.mp3	8244
common_voice_ko_36314608.mp3	4320
common_voice_ko_36880228.mp3	7848
common_voice_ko_36524857.mp3	5580
common_voice_ko_35969162.mp3	9216
common_voice_ko_36880080.mp3	5040
common_voice_ko_35891443.mp3	4968
common_voice_ko_38203597.mp3	3600
common_voice_ko_35972059.mp3	9576
common_voice_ko_37195148.mp3	5976
common_voice_ko_36838374.mp3	5616
common_voice_ko_36899437.mp3	7416
common_voice_ko_36416347.mp3	5076
common_voice_ko_35847347.mp3	5868
common_voice_ko_35969618.mp3	10188
common_voice_ko_35969207.mp3	5112
common_voice_ko_36880089.mp3	5508
common_voice_ko_36314592.mp3	3168
common_voice_ko_35971401.mp3	8604
common_voice_ko_36314695.mp3	2088
common_voice_ko_36984815.mp3	9216
common_voice_ko_36394270.mp3	6660
common_voice_ko_36314665.mp3	4788
common_voice_ko_36880194.mp3	6660
common_voice_ko_37211918.mp3	4680
common_voice_ko_36549645.mp3	9108
common_voice_ko_35852235.mp3	6300
common_voice_ko_36899350.mp3	7596
common_voice_ko_36880266.mp3	2916
common_voice_ko_36314561.mp3	4968
common_voice_ko_35923274.mp3	5184
common_voice_ko_37211923.mp3	4320
common_voice_ko_35891556.mp3	9972
common_voice_ko_36984636.mp3	5760
common_voice_ko_37195145.mp3	5976
common_voice_ko_35972031.mp3	4104
common_voice_ko_35972062.mp3	9900
common_voice_ko_35970117.mp3	10080
common_voice_ko_36524950.mp3	5652
common_voice_ko_37451135.mp3	4536
common_voice_ko_35905305.mp3	3528
common_voice_ko_36838389.mp3	5760
common_voice_ko_36525288.mp3	7812
common_voice_ko_36880415.mp3	7416
common_voice_ko_35972097.mp3	5112
common_voice_ko_37008626.mp3	9036
common_voice_ko_36832968.mp3	5256
common_voice_ko_37211925.mp3	2988
common_voice_ko_37195217.mp3	6156
common_voice_ko_36880217.mp3	6300
common_voice_ko_36802455.mp3	4788
common_voice_ko_36314684.mp3	2556
common_voice_ko_36524902.mp3	7092
common_voice_ko_37386649.mp3	7020
common_voice_ko_37159820.mp3	8568
common_voice_ko_35850749.mp3	5400
common_voice_ko_36890543.mp3	6696
common_voice_ko_36525000.mp3	7704
common_voice_ko_36802409.mp3	5796
common_voice_ko_36524888.mp3	4356
common_voice_ko_37211916.mp3	5868
common_voice_ko_36838397.mp3	5508
common_voice_ko_35845872.mp3	3960
common_voice_ko_36880422.mp3	4320
common_voice_ko_35922796.mp3	5400
common_voice_ko_36549602.mp3	2340
common_voice_ko_36985081.mp3	8712
common_voice_ko_35892165.mp3	8244
common_voice_ko_36314584.mp3	3060
common_voice_ko_36314686.mp3	2556
common_voice_ko_36880381.mp3	5868
common_voice_ko_37195155.mp3	5112
common_voice_ko_35969214.mp3	7812
common_voice_ko_36314619.mp3	5976
common_voice_ko_37638449.mp3	5616
common_voice_ko_38203339.mp3	5040
common_voice_ko_35969075.mp3	6876
common_voice_ko_37211940.mp3	4320
common_voice_ko_36416349.mp3	6048
common_voice_ko_35892164.mp3	6192
common_voice_ko_37195174.mp3	5328
common_voice_ko_36890640.mp3	6624
common_voice_ko_37195197.mp3	4068
common_voice_ko_35972004.mp3	4824
common_voice_ko_36880189.mp3	5076
common_voice_ko_35848035.mp3	8928
common_voice_ko_35973064.mp3	9288
common_voice_ko_36880240.mp3	5976
common_voice_ko_35844398.mp3	4968
common_voice_ko_35923174.mp3	5256
common_voice_ko_37018719.mp3	5220
common_voice_ko_35969660.mp3	3204
common_voice_ko_37195173.mp3	7560
common_voice_ko_36984941.mp3	10368
common_voice_ko_35970436.mp3	8172
common_voice_ko_36835724.mp3	4608
common_voice_ko_36890382.mp3	4608
common_voice_ko_37195213.mp3	7056
common_voice_ko_36880212.mp3	3240
common_voice_ko_35848087.mp3	6516
common_voice_ko_35890758.mp3	8856
common_voice_ko_35846617.mp3	3888
common_voice_ko_36985214.mp3	6768
common_voice_ko_35848499.mp3	9360
common_voice_ko_36326823.mp3	4716
common_voice_ko_37386648.mp3	5148
common_voice_ko_36984496.mp3	9828
common_voice_ko_37451175.mp3	7416
common_voice_ko_35891355.mp3	7200
common_voice_ko_35850745.mp3	3960
common_voice_ko_37977384.mp3	3960
common_voice_ko_35970008.mp3	5328
common_voice_ko_36802503.mp3	5868
common_voice_ko_35970881.mp3	9144
common_voice_ko_37211946.mp3	3420
common_voice_ko_35844397.mp3	9648
common_voice_ko_35891711.mp3	8460
common_voice_ko_36455843.mp3	3708
common_voice_ko_35971277.mp3	8928
common_voice_ko_36890296.mp3	7200
common_voice_ko_35971938.mp3	10260
common_voice_ko_36880069.mp3	7020
common_voice_ko_36800762.mp3	7416
common_voice_ko_36802482.mp3	4248
common_voice_ko_36880263.mp3	3708
common_voice_ko_36416350.mp3	7236
common_voice_ko_36880049.mp3	5040
common_voice_ko_35890760.mp3	8028
common_voice_ko_35850370.mp3	5580
common_voice_ko_36305786.mp3	8496
common_voice_ko_36890610.mp3	7416
common_voice_ko_38203550.mp3	6300
common_voice_ko_36802426.mp3	4860
common_voice_ko_35923173.mp3	5148
common_voice_ko_36880237.mp3	7776
common_voice_ko_35844477.mp3	8028
common_voice_ko_38383617.mp3	5868
common_voice_ko_35971319.mp3	8820
common_voice_ko_36899492.mp3	10224
common_voice_ko_35891436.mp3	8460
common_voice_ko_35845212.mp3	3348
common_voice_ko_36838357.mp3	6336
common_voice_ko_35972007.mp3	4752
common_voice_ko_35922937.mp3	3852
common_voice_ko_35923120.mp3	4500
common_voice_ko_38203411.mp3	4608
common_voice_ko_35923257.mp3	4464
common_voice_ko_35905373.mp3	5328
common_voice_ko_36802415.mp3	4680
common_voice_ko_35845743.mp3	8460
common_voice_ko_35904816.mp3	7416
common_voice_ko_36524901.mp3	8136
common_voice_ko_35970158.mp3	6984
common_voice_ko_35970831.mp3	9144
common_voice_ko_35972879.mp3	4284
common_voice_ko_36880201.mp3	5148
common_voice_ko_36525315.mp3	4068
common_voice_ko_36880401.mp3	2988
common_voice_ko_36880151.mp3	3060
common_voice_ko_36525267.mp3	5328
common_voice_ko_35891104.mp3	8676
common_voice_ko_38203229.mp3	5940
common_voice_ko_35971317.mp3	8964
common_voice_ko_35923256.mp3	3168
common_voice_ko_36838360.mp3	6660
common_voice_ko_36880414.mp3	3708
common_voice_ko_35905908.mp3	5256
common_voice_ko_35970603.mp3	9216
common_voice_ko_35970308.mp3	6984
common_voice_ko_35969659.mp3	8136
common_voice_ko_35970250.mp3	5796
common_voice_ko_36890545.mp3	3960
common_voice_ko_37247553.mp3	9828
common_voice_ko_35884396.mp3	6876
common_voice_ko_35970993.mp3	10080
common_voice_ko_36545255.mp3	3600
common_voice_ko_36524775.mp3	4500
common_voice_ko_35922968.mp3	4500
common_voice_ko_35846511.mp3	2376
common_voice_ko_36984606.mp3	8352
common_voice_ko_35965277.mp3	6228
common_voice_ko_38383627.mp3	5688
common_voice_ko_37212020.mp3	2880
common_voice_ko_36984570.mp3	3528
common_voice_ko_36984495.mp3	9432
common_voice_ko_35971276.mp3	6228
common_voice_ko_36984559.mp3	10512
common_voice_ko_36802518.mp3	5148
common_voice_ko_36899334.mp3	9144
common_voice_ko_35969923.mp3	9180
common_voice_ko_37444311.mp3	7200
common_voice_ko_35848355.mp3	9720
common_voice_ko_35970011.mp3	8784
common_voice_ko_35890674.mp3	9828
common_voice_ko_35848222.mp3	8388
common_voice_ko_36525275.mp3	5832
common_voice_ko_38203462.mp3	3528
common_voice_ko_35846583.mp3	2520
common_voice_ko_35884366.mp3	6768
common_voice_ko_36545187.mp3	7704
common_voice_ko_36899366.mp3	9432
common_voice_ko_35971320.mp3	5940
common_voice_ko_37805957.mp3	5652
common_voice_ko_36890316.mp3	7560
common_voice_ko_36802517.mp3	4500
common_voice_ko_35891440.mp3	10512
common_voice_ko_36880180.mp3	6120
common_voice_ko_35891314.mp3	5112
common_voice_ko_36880281.mp3	6516
common_voice_ko_35970605.mp3	9432
common_voice_ko_35970760.mp3	9180
common_voice_ko_35891181.mp3	10368
common_voice_ko_36984576.mp3	9504
common_voice_ko_37444307.mp3	7020
common_voice_ko_36524906.mp3	7488
common_voice_ko_38383635.mp3	4140
common_voice_ko_38203615.mp3	7596
common_voice_ko_36880322.mp3	6840
common_voice_ko_35846249.mp3	6228
common_voice_ko_36655270.mp3	5148
common_voice_ko_37211974.mp3	4356
common_voice_ko_36314620.mp3	5328
common_voice_ko_37159806.mp3	5940
common_voice_ko_36880427.mp3	7236
common_voice_ko_35850475.mp3	4140
common_voice_ko_35965294.mp3	6660
common_voice_ko_35845148.mp3	7452
common_voice_ko_38203580.mp3	3708
common_voice_ko_36305787.mp3	3456
common_voice_ko_36802411.mp3	4680
common_voice_ko_35891860.mp3	6732
common_voice_ko_36984596.mp3	10116
common_voice_ko_36314641.mp3	3816
common_voice_ko_36314630.mp3	3168
common_voice_ko_36880057.mp3	5580
common_voice_ko_36880363.mp3	7488
common_voice_ko_36314599.mp3	4140
common_voice_ko_37211972.mp3	4356
common_voice_ko_37159828.mp3	7308
common_voice_ko_35884397.mp3	6048
common_voice_ko_37018705.mp3	5760
common_voice_ko_36525274.mp3	5976
common_voice_ko_36524868.mp3	5832
common_voice_ko_37159841.mp3	4608
common_voice_ko_36545235.mp3	4680
common_voice_ko_36985072.mp3	4536
common_voice_ko_37597007.mp3	5508
common_voice_ko_38203542.mp3	4860
common_voice_ko_36880420.mp3	4140
common_voice_ko_36899491.mp3	5472
common_voice_ko_37159807.mp3	6048
common_voice_ko_36899352.mp3	10332
common_voice_ko_35850706.mp3	3528
common_voice_ko_36899358.mp3	7200
common_voice_ko_35892265.mp3	9072
common_voice_ko_35923268.mp3	3456
common_voice_ko_36880411.mp3	6768
common_voice_ko_36880364.mp3	5040
common_voice_ko_36890298.mp3	5616
common_voice_ko_36549617.mp3	5220
common_voice_ko_36802467.mp3	5076
common_voice_ko_36984543.mp3	10116
common_voice_ko_36524887.mp3	8640
common_voice_ko_37159809.mp3	4320
common_voice_ko_38383611.mp3	7128
common_voice_ko_36835727.mp3	5400
common_voice_ko_36985183.mp3	10368
common_voice_ko_36880232.mp3	5328
common_voice_ko_36545266.mp3	3708
common_voice_ko_38225772.mp3	7776
common_voice_ko_35844027.mp3	9216
common_voice_ko_35852122.mp3	3888
common_voice_ko_35969403.mp3	4788
common_voice_ko_36880112.mp3	5076
common_voice_ko_37212010.mp3	3096
common_voice_ko_36899474.mp3	10368
common_voice_ko_36899450.mp3	7056
common_voice_ko_36899490.mp3	10332
common_voice_ko_36524928.mp3	7668
common_voice_ko_36984560.mp3	6372
common_voice_ko_35848147.mp3	10332
common_voice_ko_36545194.mp3	8712
common_voice_ko_35923275.mp3	4248
common_voice_ko_37159830.mp3	5580
common_voice_ko_35890923.mp3	10332
common_voice_ko_38203326.mp3	5580
common_voice_ko_35850881.mp3	5076
common_voice_ko_36880264.mp3	5256
common_voice_ko_35891858.mp3	10368
common_voice_ko_36880316.mp3	4536
common_voice_ko_36800710.mp3	7236
common_voice_ko_36880167.mp3	8316
common_voice_ko_36899485.mp3	10404
common_voice_ko_36802471.mp3	3960
common_voice_ko_36314585.mp3	2520
common_voice_ko_36314676.mp3	4680
common_voice_ko_37450868.mp3	4356
common_voice_ko_36524949.mp3	7164
common_voice_ko_38085865.mp3	6156
common_voice_ko_38203569.mp3	6156
common_voice_ko_36880234.mp3	5688
common_voice_ko_38225776.mp3	7488
common_voice_ko_36984995.mp3	8244
common_voice_ko_37159816.mp3	7920
common_voice_ko_36880202.mp3	3816
common_voice_ko_36314654.mp3	2700
common_voice_ko_36880070.mp3	6588
common_voice_ko_35970433.mp3	9864
common_voice_ko_36455840.mp3	6048
common_voice_ko_36525292.mp3	6012
common_voice_ko_37211938.mp3	4896
common_voice_ko_35848223.mp3	6156
common_voice_ko_36394264.mp3	5256
common_voice_ko_36545221.mp3	7380
common_voice_ko_35971461.mp3	10512
common_voice_ko_35971989.mp3	8172
common_voice_ko_36880161.mp3	4356
common_voice_ko_38203313.mp3	6948
common_voice_ko_37195169.mp3	6804
common_voice_ko_36890542.mp3	6336
common_voice_ko_35970999.mp3	4608
common_voice_ko_35846032.mp3	3780
common_voice_ko_36525276.mp3	4176
common_voice_ko_36314521.mp3	3960
common_voice_ko_37159811.mp3	7416
common_voice_ko_36985049.mp3	9756
common_voice_ko_35972151.mp3	5148
common_voice_ko_36314597.mp3	5076
common_voice_ko_37159827.mp3	3816
common_voice_ko_35850472.mp3	3996
common_voice_ko_36802515.mp3	3780
common_voice_ko_36552125.mp3	4104
common_voice_ko_35846578.mp3	5256
common_voice_ko_36314651.mp3	3168
common_voice_ko_36549595.mp3	4896
common_voice_ko_35846390.mp3	6696
common_voice_ko_35891351.mp3	10080
common_voice_ko_35972033.mp3	5832
common_voice_ko_35844025.mp3	3312
common_voice_ko_35844292.mp3	6624
common_voice_ko_36985124.mp3	8244
common_voice_ko_35904811.mp3	6156
common_voice_ko_37211936.mp3	5580
common_voice_ko_35970879.mp3	6768
common_voice_ko_35891026.mp3	6984
common_voice_ko_36326828.mp3	8100
common_voice_ko_35891106.mp3	10584
common_voice_ko_36880315.mp3	7020
common_voice_ko_35846100.mp3	2880
common_voice_ko_36549619.mp3	5400
common_voice_ko_38383626.mp3	4860
common_voice_ko_35969720.mp3	6264
common_voice_ko_36545224.mp3	4752
common_voice_ko_37211910.mp3	3456
common_voice_ko_35884399.mp3	8748
common_voice_ko_36455827.mp3	5508
common_voice_ko_36524808.mp3	6984
common_voice_ko_36394272.mp3	6768
common_voice_ko_37239007.mp3	4248
common_voice_ko_36524897.mp3	5112
common_voice_ko_37159842.mp3	5220
common_voice_ko_35890842.mp3	8856
common_voice_ko_35971274.mp3	10152
common_voice_ko_36984517.mp3	3384
common_voice_ko_36899339.mp3	4176
common_voice_ko_36524881.mp3	6408
common_voice_ko_36545184.mp3	6012
common_voice_ko_35971558.mp3	9036
common_voice_ko_35850620.mp3	7488
common_voice_ko_36899370.mp3	10080
common_voice_ko_36800753.mp3	5220
common_voice_ko_35891557.mp3	4752
common_voice_ko_36880170.mp3	8136
common_voice_ko_35845804.mp3	4176
common_voice_ko_35850875.mp3	3996
common_voice_ko_38383612.mp3	9036
common_voice_ko_37211911.mp3	3348
common_voice_ko_35970882.mp3	9000
common_voice_ko_36880176.mp3	6300
common_voice_ko_36899435.mp3	8136
common_voice_ko_36899483.mp3	10224
common_voice_ko_36802448.mp3	5436
common_voice_ko_36880185.mp3	5328
common_voice_ko_36899471.mp3	7884
common_voice_ko_36524855.mp3	4572
common_voice_ko_36545222.mp3	5436
common_voice_ko_37211929.mp3	5220
common_voice_ko_35845874.mp3	4680
common_voice_ko_35850231.mp3	7560
common_voice_ko_38383633.mp3	3960
common_voice_ko_37638446.mp3	5436
common_voice_ko_35850426.mp3	4968
common_voice_ko_36880274.mp3	2340
common_voice_ko_36835725.mp3	6768
common_voice_ko_36984993.mp3	7884
common_voice_ko_36455839.mp3	8496
common_voice_ko_35970156.mp3	8748
common_voice_ko_35922940.mp3	5904
common_voice_ko_36880417.mp3	2628
common_voice_ko_37195195.mp3	5868
common_voice_ko_35846644.mp3	3708
common_voice_ko_38203437.mp3	6048
common_voice_ko_36525305.mp3	8136
common_voice_ko_35850708.mp3	5076
common_voice_ko_35847675.mp3	9900
common_voice_ko_36880366.mp3	3708
common_voice_ko_36396942.mp3	5220
common_voice_ko_36524904.mp3	6588
common_voice_ko_35850517.mp3	3888
common_voice_ko_36880056.mp3	3816
common_voice_ko_36890295.mp3	4644
common_voice_ko_36899363.mp3	8316
common_voice_ko_35850519.mp3	4176
common_voice_ko_35844160.mp3	6984
common_voice_ko_36984492.mp3	7776
common_voice_ko_36890638.mp3	7848
common_voice_ko_35969013.mp3	10512
common_voice_ko_38383629.mp3	3960
common_voice_ko_35845932.mp3	2700
common_voice_ko_36314697.mp3	5796
common_voice_ko_38203220.mp3	5400
common_voice_ko_35845935.mp3	4860
common_voice_ko_37195156.mp3	3816
common_voice_ko_36899344.mp3	8856
common_voice_ko_38203412.mp3	4248
common_voice_ko_37159822.mp3	3780
common_voice_ko_38257690.mp3	4032
common_voice_ko_36880188.mp3	5328
common_voice_ko_35971951.mp3	5112
common_voice_ko_35972246.mp3	5364
common_voice_ko_37195147.mp3	6948
common_voice_ko_36899351.mp3	3996
common_voice_ko_36314623.mp3	4716
common_voice_ko_36433058.mp3	4536
common_voice_ko_35850746.mp3	4140
common_voice_ko_36984605.mp3	8892
common_voice_ko_35848551.mp3	3996
common_voice_ko_36506458.mp3	3240
common_voice_ko_36899465.mp3	3528
common_voice_ko_35923224.mp3	5328
common_voice_ko_36545270.mp3	5040
common_voice_ko_36524890.mp3	4500
common_voice_ko_36802413.mp3	4140
common_voice_ko_36314696.mp3	4500
common_voice_ko_35845990.mp3	5976
common_voice_ko_36880094.mp3	4500
common_voice_ko_36880077.mp3	4680
common_voice_ko_35846431.mp3	6516
common_voice_ko_36984972.mp3	10368
common_voice_ko_37451139.mp3	6696
common_voice_ko_35891184.mp3	8172
common_voice_ko_36524811.mp3	7236
common_voice_ko_35850469.mp3	5940
common_voice_ko_35972061.mp3	5580
common_voice_ko_35969314.mp3	8208
common_voice_ko_37211930.mp3	5076
common_voice_ko_37195203.mp3	6516
common_voice_ko_35848498.mp3	10476
common_voice_ko_36985046.mp3	4680
common_voice_ko_35845685.mp3	4608
common_voice_ko_38203273.mp3	2736
common_voice_ko_35845596.mp3	8964
common_voice_ko_36985179.mp3	6984
common_voice_ko_35904923.mp3	5400
common_voice_ko_36506460.mp3	5184
common_voice_ko_35846097.mp3	3240
common_voice_ko_36524264.mp3	7776
common_voice_ko_37625775.mp3	9468
common_voice_ko_38203247.mp3	5868
common_voice_ko_38383610.mp3	5796
common_voice_ko_35922808.mp3	4500
common_voice_ko_36549542.mp3	4500
common_voice_ko_36880242.mp3	4428
common_voice_ko_36880081.mp3	3600
common_voice_ko_36880307.mp3	4536
common_voice_ko_37159844.mp3	8316
common_voice_ko_35905437.mp3	3096
common_voice_ko_36838359.mp3	7020
common_voice_ko_35890592.mp3	7704
common_voice_ko_35848358.mp3	8820
common_voice_ko_35845934.mp3	2988
common_voice_ko_36880096.mp3	5868
common_voice_ko_36890353.mp3	7956
common_voice_ko_36524882.mp3	5328
common_voice_ko_36985084.mp3	7164
common_voice_ko_37439343.mp3	4068
common_voice_ko_36524843.mp3	3672
common_voice_ko_35850371.mp3	7560
common_voice_ko_38203300.mp3	4896
common_voice_ko_35922795.mp3	4068
common_voice_ko_36984963.mp3	6984
common_voice_ko_35850234.mp3	6408
common_voice_ko_36802452.mp3	3600
common_voice_ko_35845988.mp3	7020
common_voice_ko_36438717.mp3	5328
common_voice_ko_37159812.mp3	5148
common_voice_ko_36880063.mp3	5328
common_voice_ko_35846428.mp3	2808
common_voice_ko_35844299.mp3	10368
common_voice_ko_35850425.mp3	5328
common_voice_ko_36880311.mp3	5400
common_voice_ko_35846247.mp3	4716
common_voice_ko_35846614.mp3	5256
common_voice_ko_38383623.mp3	3780
common_voice_ko_35891857.mp3	9108
common_voice_ko_35846099.mp3	3600
common_voice_ko_35866055.mp3	6300
common_voice_ko_38225774.mp3	7308
common_voice_ko_36458011.mp3	7020
common_voice_ko_36880304.mp3	4068
common_voice_ko_36525306.mp3	5904
common_voice_ko_35905301.mp3	7920
common_voice_ko_35972590.mp3	8892
common_voice_ko_37212003.mp3	4320
common_voice_ko_35845681.mp3	4536
common_voice_ko_38203216.mp3	8316
common_voice_ko_36524905.mp3	8532
common_voice_ko_35905909.mp3	3888
common_voice_ko_35890672.mp3	5616
common_voice_ko_36524880.mp3	4104
common_voice_ko_36314570.mp3	3708
common_voice_ko_35923141.mp3	5508
common_voice_ko_36314621.mp3	3816
common_voice_ko_35890607.mp3	7596
common_voice_ko_36880166.mp3	2520
common_voice_ko_35848036.mp3	9756
common_voice_ko_36899453.mp3	10044
common_voice_ko_36524952.mp3	8424
common_voice_ko_35972005.mp3	2160
common_voice_ko_36880265.mp3	5580
common_voice_ko_36838378.mp3	2448
common_voice_ko_35922966.mp3	4680
common_voice_ko_38203263.mp3	7956
common_voice_ko_35971935.mp3	9720
common_voice_ko_36880183.mp3	3060
common_voice_ko_36899449.mp3	8316
common_voice_ko_36985086.mp3	5472
common_voice_ko_36985127.mp3	3384
common_voice_ko_36984514.mp3	9144
common_voice_ko_38383620.mp3	5256
common_voice_ko_35972247.mp3	5940
common_voice_ko_35922971.mp3	5868
common_voice_ko_35905468.mp3	5148
common_voice_ko_37211944.mp3	6336
common_voice_ko_36524846.mp3	7092
common_voice_ko_35852201.mp3	5400
common_voice_ko_37195216.mp3	6768
common_voice_ko_35904809.mp3	5148
common_voice_ko_36524777.mp3	4500
common_voice_ko_36899438.mp3	8460
common_voice_ko_38383608.mp3	3528
common_voice_ko_37212011.mp3	3276
common_voice_ko_35922881.mp3	6192
common_voice_ko_36545267.mp3	6588
common_voice_ko_35848500.mp3	9864
common_voice_ko_37159821.mp3	6768
common_voice_ko_35884368.mp3	10476
common_voice_ko_36880336.mp3	4968
common_voice_ko_35970151.mp3	9144
common_voice_ko_36880133.mp3	5940
common_voice_ko_35969047.mp3	6264
common_voice_ko_35846067.mp3	3240
common_voice_ko_35970153.mp3	7992
common_voice_ko_35969004.mp3	10332
common_voice_ko_36802525.mp3	3996
common_voice_ko_35890886.mp3	9504
common_voice_ko_38383632.mp3	3240
common_voice_ko_35922882.mp3	4824
common_voice_ko_36899480.mp3	6012
common_voice_ko_36549627.mp3	8136
common_voice_ko_35845146.mp3	9000
common_voice_ko_36552128.mp3	5328
common_voice_ko_36880216.mp3	4500
common_voice_ko_35892166.mp3	6120
common_voice_ko_36880403.mp3	6156
common_voice_ko_36545254.mp3	8784
common_voice_ko_36984516.mp3	9720
common_voice_ko_37195219.mp3	5364
common_voice_ko_36545256.mp3	4248
common_voice_ko_36549610.mp3	4860
common_voice_ko_37195214.mp3	3924
common_voice_ko_36314640.mp3	3420
common_voice_ko_35846328.mp3	3960
common_voice_ko_35848502.mp3	4716
common_voice_ko_36985021.mp3	9612
common_voice_ko_38203502.mp3	5616
common_voice_ko_35971978.mp3	5112
common_voice_ko_36890352.mp3	4032
common_voice_ko_35904927.mp3	4500
common_voice_ko_35972880.mp3	8208
common_voice_ko_36890765.mp3	3564
common_voice_ko_35971987.mp3	8208
common_voice_ko_38203215.mp3	7020
common_voice_ko_35852124.mp3	6336
common_voice_ko_36984597.mp3	6156
common_voice_ko_36890314.mp3	7416
common_voice_ko_35846646.mp3	4968
common_voice_ko_36899486.mp3	7920
common_voice_ko_36890312.mp3	9288
common_voice_ko_35846034.mp3	6336
common_voice_ko_36985217.mp3	9144
common_voice_ko_36984574.mp3	9288
common_voice_ko_36802489.mp3	2988
common_voice_ko_36314482.mp3	4320
common_voice_ko_35969050.mp3	9720
common_voice_ko_36899347.mp3	7236
common_voice_ko_35890771.mp3	9792
common_voice_ko_36880047.mp3	4680
common_voice_ko_37195166.mp3	5508
common_voice_ko_37339105.mp3	4716
common_voice_ko_36880129.mp3	7020
common_voice_ko_37195207.mp3	7344
common_voice_ko_35892264.mp3	6876
common_voice_ko_36880152.mp3	2736
common_voice_ko_37444312.mp3	3744
common_voice_ko_35846424.mp3	6228
common_voice_ko_35844396.mp3	6552
common_voice_ko_36880067.mp3	7776
common_voice_ko_36890268.mp3	4428
common_voice_ko_36524998.mp3	4644
common_voice_ko_36314674.mp3	4176
common_voice_ko_35969164.mp3	9360
common_voice_ko_35891361.mp3	6084
common_voice_ko_36525117.mp3	8316
common_voice_ko_35922923.mp3	3312
common_voice_ko_35845150.mp3	6156
common_voice_ko_36525314.mp3	9216
common_voice_ko_37253547.mp3	7848
common_voice_ko_35922879.mp3	5724
common_voice_ko_35922883.mp3	3564
common_voice_ko_36433061.mp3	5796
common_voice_ko_35892167.mp3	9396
common_voice_ko_38203503.mp3	9360
common_voice_ko_35891444.mp3	3492
common_voice_ko_37159802.mp3	5400
common_voice_ko_35971562.mp3	8964
common_voice_ko_35845808.mp3	6408
common_voice_ko_35890922.mp3	10368
common_voice_ko_38203231.mp3	7668
common_voice_ko_36890546.mp3	4860
common_voice_ko_36545186.mp3	3996
common_voice_ko_36880193.mp3	5328
common_voice_ko_35972153.mp3	6048
common_voice_ko_36314664.mp3	2916
common_voice_ko_37211947.mp3	6948
common_voice_ko_35891311.mp3	9324
common_voice_ko_36880249.mp3	3600
common_voice_ko_35970828.mp3	10548
